軸数,条件,値,レース数,的中数,的中率,投資額,払戻額,回収率,収支
3,人気帯 × オッズ帯 × パターン,4〜6番人気 / 3〜10倍 / 波乱型,45,13,28.9,4500,10350,230.0,5850
3,人気帯 × 勝率差帯 × パターン,4〜6番人気 / 差3〜5% / 波乱型,30,8,26.7,3000,6690,223.0,3690
3,人気帯 × 勝率差帯 × 頭数帯,4〜6番人気 / 差3〜5% / 15頭〜,32,7,21.9,3200,6110,190.9,2910
3,勝率差帯 × オッズ帯 × 距離帯,差<3% / 10〜30倍 / 中距離,39,6,15.4,3900,7260,186.2,3360
3,人気帯 × 勝率差帯 × 芝ダ,4〜6番人気 / 差3〜5% / 芝,32,6,18.8,3200,4980,155.6,1780
3,オッズ帯 × 距離帯 × パターン,10〜30倍 / 中距離 / 波乱型,47,6,12.8,4700,7260,154.5,2560
3,頭数帯 × 芝ダ × オッズ帯,15頭〜 / ダート / 10〜30倍,37,4,10.8,3700,5640,152.4,1940
3,人気帯 × 勝率差帯 × オッズ帯,4〜6番人気 / 差3〜5% / 3〜10倍,47,9,19.1,4700,7160,152.3,2460
3,人気帯 × オッズ帯 × 距離帯,4〜6番人気 / 3〜10倍 / マイル,31,7,22.6,3100,4680,151.0,1580
3,頭数帯 × オッズ帯 × 距離帯,〜10頭 / 3〜10倍 / マイル,30,10,33.3,3000,4280,142.7,1280
3,人気帯 × 距離帯 × パターン,2〜3番人気 / 中距離 / 波乱型,104,34,32.7,10400,14740,141.7,4340
3,人気帯 × 距離帯 × パターン,4〜6番人気 / 短距離 / 波乱型,51,8,15.7,5100,7060,138.4,1960
2,オッズ帯 × 距離帯,10〜30倍 / 中距離,53,6,11.3,5300,7260,137.0,1960
3,人気帯 × 頭数帯 × 芝ダ,4〜6番人気 / 〜10頭 / 芝,39,7,17.9,3900,5320,136.4,1420
2,人気帯 × 勝率差帯,4〜6番人気 / 差3〜5%,61,10,16.4,6100,8300,136.1,2200
3,人気帯 × 頭数帯 × パターン,4〜6番人気 / 15頭〜 / 波乱型,77,11,14.3,7700,9870,128.2,2170
3,頭数帯 × 距離帯 × パターン,〜10頭 / 中距離 / 波乱型,45,18,40.0,4500,5760,128.0,1260
3,頭数帯 × 芝ダ × パターン,〜10頭 / 芝 / 波乱型,60,23,38.3,6000,7670,127.8,1670
3,人気帯 × 芝ダ × パターン,4〜6番人気 / 芝 / 波乱型,68,10,14.7,6800,8620,126.8,1820
3,勝率差帯 × オッズ帯 × パターン,差3〜5% / 3〜10倍 / 波乱型,116,28,24.1,11600,14660,126.4,3060
3,人気帯 × 距離帯 × パターン,4〜6番人気 / 中距離 / 波乱型,52,7,13.5,5200,6560,126.2,1360
3,人気帯 × オッズ帯 × 距離帯,1番人気 / 3〜10倍 / 長距離,33,12,36.4,3300,4080,123.6,780
3,人気帯 × 頭数帯 × オッズ帯,4〜6番人気 / 〜10頭 / 3〜10倍,35,6,17.1,3500,4250,121.4,750
3,芝ダ × 距離帯 × パターン,芝 / 中距離 / 波乱型,156,49,31.4,15600,18920,121.3,3320
3,人気帯 × 芝ダ × 距離帯,4〜6番人気 / 芝 / マイル,35,6,17.1,3500,4230,120.9,730
2,人気帯 × パターン,4〜6番人気 / 波乱型,132,18,13.6,13200,15930,120.7,2730
3,頭数帯 × 距離帯 × パターン,11〜14頭 / 中距離 / 波乱型,101,29,28.7,10100,12070,119.5,1970
3,芝ダ × オッズ帯 × パターン,芝 / 3〜10倍 / 波乱型,205,51,24.9,20500,24250,118.3,3750
3,勝率差帯 × 頭数帯 × パターン,差<3% / 〜10頭 / 波乱型,57,20,35.1,5700,6730,118.1,1030
3,人気帯 × 頭数帯 × 距離帯,1番人気 / 15頭〜 / 長距離,32,14,43.8,3200,3760,117.5,560
3,オッズ帯 × 距離帯 × パターン,3〜10倍 / 中距離 / 波乱型,151,37,24.5,15100,17490,115.8,2390
3,人気帯 × 頭数帯 × オッズ帯,4〜6番人気 / 15頭〜 / 3〜10倍,134,20,14.9,13400,15410,115.0,2010
3,勝率差帯 × 距離帯 × パターン,差3〜5% / 中距離 / 波乱型,92,27,29.3,9200,10580,115.0,1380
3,人気帯 × 勝率差帯 × 距離帯,2〜3番人気 / 差<3% / マイル,97,25,25.8,9700,11120,114.6,1420
3,人気帯 × 芝ダ × パターン,4〜6番人気 / ダート / 波乱型,64,8,12.5,6400,7310,114.2,910
3,オッズ帯 × 距離帯 × パターン,3〜10倍 / 短距離 / 波乱型,158,37,23.4,15800,18020,114.1,2220
3,人気帯 × 頭数帯 × 芝ダ,4〜6番人気 / 15頭〜 / 芝,92,13,14.1,9200,10480,113.9,1280
3,頭数帯 × オッズ帯 × パターン,15頭〜 / 3〜10倍 / 波乱型,252,61,24.2,25200,28650,113.7,3450
3,勝率差帯 × 芝ダ × 距離帯,差3〜5% / 芝 / 長距離,39,15,38.5,3900,4410,113.1,510
3,人気帯 × 頭数帯 × 距離帯,4〜6番人気 / 15頭〜 / 短距離,93,13,14.0,9300,10510,113.0,1210
2,勝率差帯 × 距離帯,差3〜5% / 長距離,42,16,38.1,4200,4740,112.9,540
3,勝率差帯 × 頭数帯 × オッズ帯,差3〜5% / 15頭〜 / 3〜10倍,209,52,24.9,20900,23510,112.5,2610
3,勝率差帯 × 頭数帯 × オッズ帯,差<3% / 〜10頭 / 3〜10倍,96,26,27.1,9600,10740,111.9,1140
3,芝ダ × オッズ帯 × 距離帯,芝 / 3〜10倍 / マイル,185,46,24.9,18500,20670,111.7,2170
2,頭数帯 × パターン,〜10頭 / 波乱型,83,28,33.7,8300,9230,111.2,930
3,人気帯 × 芝ダ × 距離帯,2〜3番人気 / 芝 / マイル,140,38,27.1,14000,15530,110.9,1530
2,人気帯 × 距離帯,4〜6番人気 / マイル,52,8,15.4,5200,5760,110.8,560
3,人気帯 × 勝率差帯 × 頭数帯,2〜3番人気 / 差<3% / 11〜14頭,179,48,26.8,17900,19790,110.6,1890
3,勝率差帯 × オッズ帯 × 距離帯,差3〜5% / 3〜10倍 / マイル,45,10,22.2,4500,4940,109.8,440
3,人気帯 × 芝ダ × オッズ帯,4〜6番人気 / 芝 / 3〜10倍,136,20,14.7,13600,14870,109.3,1270
2,距離帯 × パターン,中距離 / 波乱型,310,87,28.1,31000,33880,109.3,2880
2,オッズ帯 × パターン,3〜10倍 / 波乱型,392,91,23.2,39200,42730,109.0,3530
3,勝率差帯 × 頭数帯 × オッズ帯,差5〜10% / 11〜14頭 / 3〜10倍,135,37,27.4,13500,14660,108.6,1160
3,人気帯 × 芝ダ × パターン,2〜3番人気 / 芝 / 波乱型,143,38,26.6,14300,15530,108.6,1230
3,人気帯 × 勝率差帯 × 頭数帯,2〜3番人気 / 差5〜10% / 11〜14頭,94,25,26.6,9400,10210,108.6,810
3,勝率差帯 × 頭数帯 × 距離帯,差3〜5% / 15頭〜 / 中距離,126,37,29.4,12600,13640,108.3,1040
3,勝率差帯 × 距離帯 × パターン,差<3% / マイル / 混戦型,114,33,28.9,11400,12200,107.0,800
3,勝率差帯 × 距離帯 × パターン,差<3% / 中距離 / 波乱型,218,60,27.5,21800,23300,106.9,1500
3,人気帯 × 勝率差帯 × 距離帯,2〜3番人気 / 差3〜5% / 中距離,100,24,24.0,10000,10680,106.8,680
3,人気帯 × 勝率差帯 × 距離帯,2〜3番人気 / 差<3% / 中距離,258,68,26.4,25800,27510,106.6,1710
3,勝率差帯 × オッズ帯 × 距離帯,差3〜5% / 3〜10倍 / 中距離,155,35,22.6,15500,16510,106.5,1010
3,勝率差帯 × 頭数帯 × パターン,差3〜5% / 15頭〜 / 波乱型,128,32,25.0,12800,13620,106.4,820
3,勝率差帯 × 頭数帯 × 芝ダ,差<3% / 〜10頭 / 芝,143,47,32.9,14300,15190,106.2,890
3,頭数帯 × オッズ帯 × 距離帯,15頭〜 / 10〜30倍 / 中距離,34,3,8.8,3400,3610,106.2,210
3,人気帯 × 距離帯 × パターン,2〜3番人気 / マイル / 混戦型,120,29,24.2,12000,12730,106.1,730
3,人気帯 × オッズ帯 × 距離帯,2〜3番人気 / 3〜10倍 / マイル,168,40,23.8,16800,17830,106.1,1030
3,勝率差帯 × 頭数帯 × 距離帯,差<3% / 〜10頭 / 中距離,100,37,37.0,10000,10520,105.2,520
3,勝率差帯 × 頭数帯 × 距離帯,差<3% / 11〜14頭 / 中距離,227,66,29.1,22700,23890,105.2,1190
3,勝率差帯 × オッズ帯 × パターン,差<3% / 〜3倍 / 混戦型,231,104,45.0,23100,24200,104.8,1100
3,勝率差帯 × オッズ帯 × 距離帯,差<3% / 3〜10倍 / マイル,126,29,23.0,12600,13190,104.7,590
3,人気帯 × 勝率差帯 × パターン,2〜3番人気 / 差<3% / 波乱型,184,46,25.0,18400,19240,104.6,840
3,頭数帯 × 芝ダ × オッズ帯,〜10頭 / 芝 / 3〜10倍,162,39,24.1,16200,16910,104.4,710
3,勝率差帯 × 芝ダ × 距離帯,差<3% / 芝 / 中距離,309,93,30.1,30900,32150,104.0,1250
3,オッズ帯 × 距離帯 × パターン,3〜10倍 / マイル / 混戦型,166,37,22.3,16600,17230,103.8,630
3,勝率差帯 × 芝ダ × パターン,差3〜5% / 芝 / 波乱型,106,31,29.2,10600,10970,103.5,370
3,人気帯 × 勝率差帯 × 頭数帯,1番人気 / 差<3% / 〜10頭,65,32,49.2,6500,6730,103.5,230
2,人気帯 × 距離帯,2〜3番人気 / マイル,189,46,24.3,18900,19460,103.0,560
3,人気帯 × 芝ダ × 距離帯,2〜3番人気 / ダート / 中距離,296,75,25.3,29600,30460,102.9,860
2,人気帯 × オッズ帯,7番人気〜 / 10〜30倍,46,3,6.5,4600,4720,102.6,120
2,人気帯 × 頭数帯,4〜6番人気 / 〜10頭,52,7,13.5,5200,5320,102.3,120
3,人気帯 × 頭数帯 × 距離帯,2〜3番人気 / 15頭〜 / マイル,105,24,22.9,10500,10730,102.2,230
2,勝率差帯 × 頭数帯,差<3% / 〜10頭,189,63,33.3,18900,19290,102.1,390
3,頭数帯 × 芝ダ × 距離帯,〜10頭 / 芝 / 短距離,74,26,35.1,7400,7550,102.0,150
3,勝率差帯 × オッズ帯 × パターン,差<3% / 3〜10倍 / 波乱型,276,63,22.8,27600,28070,101.7,470
3,勝率差帯 × 頭数帯 × オッズ帯,差<3% / 15頭〜 / 〜3倍,177,78,44.1,17700,17970,101.5,270
3,人気帯 × 頭数帯 × 距離帯,2〜3番人気 / 11〜14頭 / マイル,55,13,23.6,5500,5580,101.5,80
3,オッズ帯 × 距離帯 × パターン,3〜10倍 / マイル / 波乱型,57,13,22.8,5700,5760,101.1,60
3,人気帯 × 頭数帯 × 距離帯,2〜3番人気 / 15頭〜 / 中距離,254,59,23.2,25400,25620,100.9,220
3,勝率差帯 × 芝ダ × オッズ帯,差3〜5% / 芝 / 3〜10倍,175,39,22.3,17500,17640,100.8,140
2,人気帯 × パターン,2〜3番人気 / 波乱型,262,62,23.7,26200,26370,100.6,170
3,頭数帯 × オッズ帯 × 距離帯,〜10頭 / 3〜10倍 / 短距離,50,11,22.0,5000,5030,100.6,30
3,勝率差帯 × 芝ダ × 距離帯,差<3% / 芝 / マイル,152,42,27.6,15200,15270,100.5,70
3,人気帯 × 頭数帯 × 距離帯,2〜3番人気 / 〜10頭 / 短距離,48,13,27.1,4800,4820,100.4,20
3,勝率差帯 × オッズ帯 × 距離帯,差<3% / 〜3倍 / 短距離,126,56,44.4,12600,12610,100.1,10
2,オッズ帯 × 距離帯,3〜10倍 / マイル,251,55,21.9,25100,25120,100.1,20
3,人気帯 × 頭数帯 × 芝ダ,2〜3番人気 / 11〜14頭 / 芝,203,48,23.6,20300,20170,99.4,-130
3,人気帯 × 頭数帯 × パターン,2〜3番人気 / 11〜14頭 / 波乱型,79,19,24.1,7900,7850,99.4,-50
3,勝率差帯 × 頭数帯 × 芝ダ,差3〜5% / 15頭〜 / 芝,151,37,24.5,15100,15000,99.3,-100
2,勝率差帯 × パターン,差3〜5% / 波乱型,225,60,26.7,22500,22320,99.2,-180
2,人気帯 × 距離帯,2〜3番人気 / 中距離,579,144,24.9,57900,57400,99.1,-500
3,人気帯 × 頭数帯 × パターン,2〜3番人気 / 11〜14頭 / 混戦型,273,66,24.2,27300,27020,99.0,-280
3,頭数帯 × 距離帯 × パターン,15頭〜 / 長距離 / 混戦型,30,9,30.0,3000,2970,99.0,-30
3,人気帯 × 頭数帯 × パターン,2〜3番人気 / 15頭〜 / 波乱型,155,33,21.3,15500,15320,98.8,-180
3,頭数帯 × 距離帯 × パターン,〜10頭 / マイル / 混戦型,56,18,32.1,5600,5530,98.8,-70
3,芝ダ × オッズ帯 × パターン,ダート / 3〜10倍 / 波乱型,187,40,21.4,18700,18480,98.8,-220
3,頭数帯 × 距離帯 × パターン,15頭〜 / 短距離 / 波乱型,217,54,24.9,21700,21400,98.6,-300
3,人気帯 × 頭数帯 × 距離帯,2〜3番人気 / 11〜14頭 / 中距離,195,46,23.6,19500,19210,98.5,-290
3,人気帯 × オッズ帯 × 距離帯,2〜3番人気 / 3〜10倍 / 中距離,504,117,23.2,50400,49650,98.5,-750
2,勝率差帯 × 距離帯,差<3% / 中距離,622,176,28.3,62200,61130,98.3,-1070
3,人気帯 × 勝率差帯 × 頭数帯,2〜3番人気 / 差3〜5% / 〜10頭,36,10,27.8,3600,3540,98.3,-60
2,頭数帯 × オッズ帯,〜10頭 / 3〜10倍,218,50,22.9,21800,21400,98.2,-400
2,人気帯 × 頭数帯,4〜6番人気 / 15頭〜,190,23,12.1,19000,18640,98.1,-360
3,人気帯 × 頭数帯 × オッズ帯,2〜3番人気 / 〜10頭 / 3〜10倍,164,41,25.0,16400,16090,98.1,-310
3,勝率差帯 × 頭数帯 × 距離帯,差<3% / 〜10頭 / 短距離,37,10,27.0,3700,3630,98.1,-70
3,芝ダ × 距離帯 × パターン,芝 / マイル / 混戦型,228,67,29.4,22800,22330,97.9,-470
3,人気帯 × 勝率差帯 × パターン,1番人気 / 差<3% / 混戦型,358,134,37.4,35800,35060,97.9,-740
3,人気帯 × 頭数帯 × オッズ帯,2〜3番人気 / 11〜14頭 / 3〜10倍,368,85,23.1,36800,36020,97.9,-780
3,頭数帯 × 距離帯 × パターン,15頭〜 / 中距離 / 波乱型,164,40,24.4,16400,16050,97.9,-350
3,頭数帯 × 距離帯 × パターン,11〜14頭 / 長距離 / 本命型,41,18,43.9,4100,4010,97.8,-90
3,勝率差帯 × 頭数帯 × 距離帯,差10%〜 / 11〜14頭 / 長距離,41,18,43.9,4100,4010,97.8,-90
3,勝率差帯 × オッズ帯 × 距離帯,差<3% / 〜3倍 / 中距離,192,84,43.8,19200,18760,97.7,-440
3,人気帯 × 勝率差帯 × オッズ帯,2〜3番人気 / 差5〜10% / 〜3倍,46,17,37.0,4600,4480,97.4,-120
3,人気帯 × オッズ帯 × 距離帯,4〜6番人気 / 3〜10倍 / 短距離,106,13,12.3,10600,10320,97.4,-280
3,勝率差帯 × 芝ダ × オッズ帯,差<3% / ダート / 〜3倍,192,84,43.8,19200,18640,97.1,-560
3,人気帯 × 勝率差帯 × 芝ダ,2〜3番人気 / 差<3% / 芝,325,76,23.4,32500,31550,97.1,-950
3,芝ダ × 距離帯 × パターン,ダート / 中距離 / 波乱型,154,38,24.7,15400,14960,97.1,-440
3,人気帯 × 勝率差帯 × 頭数帯,2〜3番人気 / 差<3% / 〜10頭,96,27,28.1,9600,9290,96.8,-310
3,人気帯 × 勝率差帯 × オッズ帯,1番人気 / 差<3% / 〜3倍,353,155,43.9,35300,34180,96.8,-1120
3,人気帯 × 距離帯 × パターン,1番人気 / 短距離 / 波乱型,133,49,36.8,13300,12880,96.8,-420
3,人気帯 × オッズ帯 × パターン,2〜3番人気 / 3〜10倍 / 波乱型,233,50,21.5,23300,22520,96.7,-780
2,人気帯 × 勝率差帯,2〜3番人気 / 差<3%,606,139,22.9,60600,58620,96.7,-1980
3,人気帯 × 勝率差帯 × 距離帯,1番人気 / 差10%〜 / 長距離,64,32,50.0,6400,6190,96.7,-210
3,人気帯 × 頭数帯 × 芝ダ,2〜3番人気 / 〜10頭 / 芝,171,49,28.7,17100,16530,96.7,-570
3,人気帯 × 勝率差帯 × 芝ダ,1番人気 / 差<3% / ダート,286,109,38.1,28600,27660,96.7,-940
3,人気帯 × 頭数帯 × 距離帯,2〜3番人気 / 〜10頭 / 中距離,130,39,30.0,13000,12570,96.7,-430
3,人気帯 × 距離帯 × パターン,1番人気 / 長距離 / 本命型,64,32,50.0,6400,6190,96.7,-210
2,勝率差帯 × 頭数帯,差3〜5% / 15頭〜,331,86,26.0,33100,31980,96.6,-1120
3,勝率差帯 × 芝ダ × 距離帯,差10%〜 / 芝 / 長距離,76,34,44.7,7600,7340,96.6,-260
3,芝ダ × 距離帯 × パターン,芝 / 長距離 / 本命型,76,34,44.7,7600,7340,96.6,-260
3,芝ダ × オッズ帯 × 距離帯,ダート / 3〜10倍 / 中距離,452,107,23.7,45200,43680,96.6,-1520
3,人気帯 × 芝ダ × 距離帯,4〜6番人気 / 芝 / 中距離,71,9,12.7,7100,6860,96.6,-240
2,人気帯 × 頭数帯,2〜3番人気 / 11〜14頭,401,95,23.7,40100,38650,96.4,-1450
3,勝率差帯 × 芝ダ × 距離帯,差5〜10% / ダート / 中距離,230,84,36.5,23000,22160,96.3,-840
2,芝ダ × パターン,芝 / 波乱型,411,105,25.5,41100,39560,96.3,-1540
2,人気帯 × 芝ダ,4〜6番人気 / 芝,189,23,12.2,18900,18210,96.3,-690
3,勝率差帯 × 頭数帯 × 距離帯,差<3% / 15頭〜 / マイル,111,25,22.5,11100,10690,96.3,-410
3,人気帯 × 勝率差帯 × 芝ダ,2〜3番人気 / 差<3% / ダート,281,63,22.4,28100,27070,96.3,-1030
2,勝率差帯 × オッズ帯,差<3% / 〜3倍,396,170,42.9,39600,38130,96.3,-1470
3,頭数帯 × オッズ帯 × 距離帯,11〜14頭 / 3〜10倍 / 中距離,287,67,23.3,28700,27540,96.0,-1160
3,人気帯 × オッズ帯 × 距離帯,4〜6番人気 / 10〜30倍 / 中距離,35,3,8.6,3500,3360,96.0,-140
3,勝率差帯 × 頭数帯 × 芝ダ,差5〜10% / 11〜14頭 / ダート,164,58,35.4,16400,15740,96.0,-660
3,頭数帯 × オッズ帯 × 距離帯,11〜14頭 / 3〜10倍 / マイル,73,16,21.9,7300,7000,95.9,-300
2,勝率差帯 × オッズ帯,差3〜5% / 3〜10倍,362,77,21.3,36200,34670,95.8,-1530
3,頭数帯 × 芝ダ × パターン,15頭〜 / ダート / 波乱型,225,56,24.9,22500,21540,95.7,-960
3,勝率差帯 × 頭数帯 × パターン,差<3% / 11〜14頭 / 混戦型,284,81,28.5,28400,27170,95.7,-1230
3,人気帯 × 勝率差帯 × 距離帯,1番人気 / 差<3% / 短距離,222,79,35.6,22200,21220,95.6,-980
3,勝率差帯 × 芝ダ × オッズ帯,差<3% / 芝 / 〜3倍,204,86,42.2,20400,19490,95.5,-910
2,頭数帯 × パターン,15頭〜 / 波乱型,453,107,23.6,45300,43230,95.4,-2070
3,人気帯 × 勝率差帯 × オッズ帯,2〜3番人気 / 差<3% / 3〜10倍,562,123,21.9,56200,53610,95.4,-2590
3,勝率差帯 × 芝ダ × パターン,差3〜5% / ダート / 波乱型,119,29,24.4,11900,11350,95.4,-550
3,勝率差帯 × 芝ダ × 距離帯,差3〜5% / 芝 / マイル,57,15,26.3,5700,5430,95.3,-270
2,人気帯 × 頭数帯,2〜3番人気 / 〜10頭,239,67,28.0,23900,22780,95.3,-1120
3,人気帯 × 芝ダ × 距離帯,2〜3番人気 / 芝 / 中距離,283,69,24.4,28300,26940,95.2,-1360
3,勝率差帯 × 芝ダ × パターン,差<3% / ダート / 混戦型,433,119,27.5,43300,41200,95.2,-2100
3,勝率差帯 × 頭数帯 × パターン,差<3% / 〜10頭 / 混戦型,132,43,32.6,13200,12560,95.2,-640
3,勝率差帯 × 頭数帯 × 距離帯,差5〜10% / 11〜14頭 / 中距離,149,53,35.6,14900,14190,95.2,-710
3,頭数帯 × 芝ダ × パターン,15頭〜 / 芝 / 波乱型,228,51,22.4,22800,21690,95.1,-1110
3,人気帯 × 頭数帯 × 距離帯,2〜3番人気 / 11〜14頭 / 短距離,102,25,24.5,10200,9670,94.8,-530
3,人気帯 × 頭数帯 × オッズ帯,1番人気 / 11〜14頭 / 3〜10倍,149,42,28.2,14900,14130,94.8,-770
3,人気帯 × 勝率差帯 × オッズ帯,1番人気 / 差3〜5% / 3〜10倍,102,27,26.5,10200,9640,94.5,-560
3,勝率差帯 × 頭数帯 × 芝ダ,差3〜5% / 15頭〜 / ダート,180,49,27.2,18000,16980,94.3,-1020
3,人気帯 × 勝率差帯 × 頭数帯,2〜3番人気 / 差3〜5% / 15頭〜,117,25,21.4,11700,11010,94.1,-690
3,人気帯 × 芝ダ × パターン,2〜3番人気 / ダート / 混戦型,435,100,23.0,43500,40850,93.9,-2650
3,人気帯 × 芝ダ × パターン,2〜3番人気 / 芝 / 本命型,76,20,26.3,7600,7130,93.8,-470
3,人気帯 × 勝率差帯 × 芝ダ,2〜3番人気 / 差10%〜 / 芝,76,20,26.3,7600,7130,93.8,-470
3,勝率差帯 × 芝ダ × パターン,差<3% / 芝 / 波乱型,305,74,24.3,30500,28590,93.7,-1910
3,勝率差帯 × 距離帯 × パターン,差<3% / 中距離 / 混戦型,404,116,28.7,40400,37830,93.6,-2570
3,頭数帯 × オッズ帯 × 距離帯,15頭〜 / 3〜10倍 / マイル,148,29,19.6,14800,13840,93.5,-960
3,勝率差帯 × オッズ帯 × 距離帯,差5〜10% / 3〜10倍 / マイル,52,11,21.2,5200,4860,93.5,-340
3,人気帯 × 勝率差帯 × パターン,2〜3番人気 / 差<3% / 混戦型,422,93,22.0,42200,39380,93.3,-2820
3,勝率差帯 × 距離帯 × パターン,差3〜5% / マイル / 混戦型,45,11,24.4,4500,4200,93.3,-300
3,人気帯 × 頭数帯 × 芝ダ,2〜3番人気 / 11〜14頭 / ダート,198,47,23.7,19800,18480,93.3,-1320
3,人気帯 × 勝率差帯 × 芝ダ,2〜3番人気 / 差3〜5% / ダート,125,26,20.8,12500,11650,93.2,-850
3,人気帯 × 勝率差帯 × 距離帯,1番人気 / 差<3% / 中距離,261,98,37.5,26100,24290,93.1,-1810
3,人気帯 × 勝率差帯 × 頭数帯,2〜3番人気 / 差5〜10% / 〜10頭,64,18,28.1,6400,5950,93.0,-450
3,人気帯 × 頭数帯 × パターン,2〜3番人気 / 〜10頭 / 本命型,43,12,27.9,4300,4000,93.0,-300
3,人気帯 × 勝率差帯 × 頭数帯,2〜3番人気 / 差10%〜 / 〜10頭,43,12,27.9,4300,4000,93.0,-300
3,頭数帯 × 距離帯 × パターン,11〜14頭 / 長距離 / 混戦型,81,24,29.6,8100,7520,92.8,-580
3,人気帯 × 頭数帯 × パターン,2〜3番人気 / 〜10頭 / 混戦型,168,45,26.8,16800,15580,92.7,-1220
3,人気帯 × 勝率差帯 × 頭数帯,1番人気 / 差<3% / 15頭〜,321,110,34.3,32100,29760,92.7,-2340
2,勝率差帯 × 距離帯,差<3% / マイル,200,49,24.5,20000,18530,92.6,-1470
3,勝率差帯 × 芝ダ × 距離帯,差<3% / ダート / 中距離,313,83,26.5,31300,28980,92.6,-2320
2,勝率差帯 × 距離帯,差10%〜 / 長距離,81,35,43.2,8100,7490,92.5,-610
3,勝率差帯 × 距離帯 × パターン,差10%〜 / 長距離 / 本命型,81,35,43.2,8100,7490,92.5,-610
2,距離帯 × パターン,長距離 / 本命型,81,35,43.2,8100,7490,92.5,-610
2,人気帯 × 勝率差帯,1番人気 / 差<3%,586,212,36.2,58600,54080,92.3,-4520
3,勝率差帯 × 頭数帯 × オッズ帯,差<3% / 〜10頭 / 〜3倍,81,36,44.4,8100,7480,92.3,-620
3,芝ダ × 距離帯 × パターン,ダート / 中距離 / 混戦型,533,166,31.1,53300,49150,92.2,-4150
3,頭数帯 × オッズ帯 × 距離帯,〜10頭 / 3〜10倍 / 中距離,109,24,22.0,10900,10050,92.2,-850
3,人気帯 × 勝率差帯 × 芝ダ,1番人気 / 差3〜5% / 芝,160,55,34.4,16000,14750,92.2,-1250
3,頭数帯 × オッズ帯 × パターン,11〜14頭 / 〜3倍 / 波乱型,92,39,42.4,9200,8480,92.2,-720
3,芝ダ × オッズ帯 × パターン,芝 / 3〜10倍 / 本命型,86,19,22.1,8600,7920,92.1,-680
3,勝率差帯 × 芝ダ × オッズ帯,差10%〜 / 芝 / 3〜10倍,86,19,22.1,8600,7920,92.1,-680
3,人気帯 × 距離帯 × パターン,2〜3番人気 / 中距離 / 混戦型,397,92,23.2,39700,36570,92.1,-3130
3,勝率差帯 × 頭数帯 × 芝ダ,差<3% / 15頭〜 / ダート,419,104,24.8,41900,38550,92.0,-3350
3,勝率差帯 × 距離帯 × パターン,差3〜5% / 短距離 / 波乱型,85,20,23.5,8500,7810,91.9,-690
3,人気帯 × 勝率差帯 × オッズ帯,2〜3番人気 / 差<3% / 〜3倍,43,15,34.9,4300,3950,91.9,-350
3,勝率差帯 × 頭数帯 × オッズ帯,差<3% / 11〜14頭 / 〜3倍,138,56,40.6,13800,12680,91.9,-1120
2,人気帯 × 距離帯,1番人気 / 長距離,177,73,41.2,17700,16260,91.9,-1440
3,人気帯 × 頭数帯 × 芝ダ,2〜3番人気 / 〜10頭 / ダート,68,18,26.5,6800,6250,91.9,-550
3,頭数帯 × オッズ帯 × パターン,11〜14頭 / 3〜10倍 / 混戦型,427,99,23.2,42700,39210,91.8,-3490
2,頭数帯 × オッズ帯,15頭〜 / 10〜30倍,84,6,7.1,8400,7710,91.8,-690
3,勝率差帯 × 芝ダ × オッズ帯,差<3% / ダート / 3〜10倍,440,94,21.4,44000,40410,91.8,-3590
3,人気帯 × 勝率差帯 × 距離帯,2〜3番人気 / 差5〜10% / 中距離,143,34,23.8,14300,13120,91.7,-1180
3,勝率差帯 × 芝ダ × 距離帯,差3〜5% / 芝 / 中距離,115,31,27.0,11500,10550,91.7,-950
3,芝ダ × オッズ帯 × パターン,ダート / 10〜30倍 / 波乱型,55,4,7.3,5500,5040,91.6,-460
3,人気帯 × 芝ダ × 距離帯,4〜6番人気 / 芝 / 短距離,64,7,10.9,6400,5860,91.6,-540
3,頭数帯 × 距離帯 × パターン,15頭〜 / マイル / 波乱型,60,12,20.0,6000,5490,91.5,-510
3,人気帯 × 勝率差帯 × パターン,2〜3番人気 / 差3〜5% / 波乱型,78,16,20.5,7800,7130,91.4,-670
2,勝率差帯 × 芝ダ,差3〜5% / 芝,301,82,27.2,30100,27500,91.4,-2600
2,オッズ帯 × 距離帯,3〜10倍 / 中距離,839,184,21.9,83900,76610,91.3,-7290
1,パターン,波乱型,796,196,24.6,79600,72660,91.3,-6940
3,頭数帯 × 距離帯 × パターン,11〜14頭 / マイル / 混戦型,82,22,26.8,8200,7490,91.3,-710
3,勝率差帯 × 頭数帯 × パターン,差<3% / 15頭〜 / 波乱型,325,75,23.1,32500,29610,91.1,-2890
3,人気帯 × 芝ダ × パターン,2〜3番人気 / ダート / 波乱型,119,24,20.2,11900,10840,91.1,-1060
3,勝率差帯 × 芝ダ × オッズ帯,差3〜5% / ダート / 3〜10倍,187,38,20.3,18700,17030,91.1,-1670
3,勝率差帯 × オッズ帯 × 距離帯,差<3% / 3〜10倍 / 短距離,363,71,19.6,36300,33050,91.0,-3250
3,人気帯 × オッズ帯 × パターン,2〜3番人気 / 〜3倍 / 混戦型,79,27,34.2,7900,7190,91.0,-710
3,頭数帯 × 芝ダ × 距離帯,11〜14頭 / 芝 / 長距離,138,46,33.3,13800,12540,90.9,-1260
3,人気帯 × 頭数帯 × 距離帯,1番人気 / 11〜14頭 / 長距離,92,39,42.4,9200,8360,90.9,-840
3,人気帯 × 芝ダ × 距離帯,1番人気 / 芝 / 長距離,165,68,41.2,16500,14990,90.8,-1510
3,勝率差帯 × 頭数帯 × オッズ帯,差3〜5% / 〜10頭 / 〜3倍,51,22,43.1,5100,4630,90.8,-470
3,人気帯 × 距離帯 × パターン,2〜3番人気 / マイル / 波乱型,49,11,22.4,4900,4450,90.8,-450
2,距離帯 × パターン,マイル / 混戦型,293,80,27.3,29300,26570,90.7,-2730
3,頭数帯 × 芝ダ × オッズ帯,11〜14頭 / ダート / 3〜10倍,298,68,22.8,29800,27000,90.6,-2800
3,勝率差帯 × 頭数帯 × 距離帯,差<3% / 15頭〜 / 中距離,295,73,24.7,29500,26720,90.6,-2780
3,人気帯 × 勝率差帯 × パターン,4〜6番人気 / 差<3% / 波乱型,102,10,9.8,10200,9240,90.6,-960
2,勝率差帯 × 距離帯,差3〜5% / 中距離,258,67,26.0,25800,23340,90.5,-2460
2,勝率差帯 × 距離帯,差3〜5% / マイル,80,20,25.0,8000,7230,90.4,-770
3,人気帯 × オッズ帯 × 距離帯,2〜3番人気 / 〜3倍 / 中距離,74,26,35.1,7400,6690,90.4,-710
3,オッズ帯 × 距離帯 × パターン,〜3倍 / 中距離 / 混戦型,413,172,41.6,41300,37350,90.4,-3950
3,勝率差帯 × 頭数帯 × パターン,差3〜5% / 15頭〜 / 混戦型,203,54,26.6,20300,18360,90.4,-1940
3,勝率差帯 × オッズ帯 × 距離帯,差<3% / 3〜10倍 / 中距離,389,86,22.1,38900,35110,90.3,-3790
3,人気帯 × 芝ダ × オッズ帯,2〜3番人気 / 芝 / 〜3倍,95,33,34.7,9500,8580,90.3,-920
3,勝率差帯 × 頭数帯 × 距離帯,差3〜5% / 15頭〜 / マイル,42,8,19.0,4200,3790,90.2,-410
2,勝率差帯 × パターン,差<3% / 混戦型,896,236,26.3,89600,80780,90.2,-8820
3,人気帯 × 距離帯 × パターン,1番人気 / 中距離 / 混戦型,534,200,37.5,53400,48090,90.1,-5310
2,勝率差帯 × 芝ダ,差<3% / ダート,699,181,25.9,69900,62950,90.1,-6950
2,人気帯 × オッズ帯,4〜6番人気 / 3〜10倍,253,31,12.3,25300,22770,90.0,-2530
3,人気帯 × 頭数帯 × パターン,1番人気 / 11〜14頭 / 混戦型,385,140,36.4,38500,34650,90.0,-3850
2,勝率差帯 × オッズ帯,差<3% / 3〜10倍,941,195,20.7,94100,84650,90.0,-9450
2,人気帯 × 芝ダ,2〜3番人気 / 芝,665,151,22.7,66500,59850,90.0,-6650
3,人気帯 × 芝ダ × オッズ帯,2〜3番人気 / ダート / 3〜10倍,587,123,21.0,58700,52770,89.9,-5930
2,頭数帯 × 距離帯,11〜14頭 / 長距離,154,51,33.1,15400,13810,89.7,-1590
3,頭数帯 × 芝ダ × 距離帯,15頭〜 / 芝 / マイル,194,53,27.3,19400,17410,89.7,-1990
3,頭数帯 × 芝ダ × パターン,〜10頭 / ダート / 混戦型,97,36,37.1,9700,8680,89.5,-1020
3,勝率差帯 × 芝ダ × 距離帯,差<3% / ダート / 短距離,328,87,26.5,32800,29340,89.5,-3460
3,勝率差帯 × 芝ダ × 距離帯,差3〜5% / ダート / 中距離,143,36,25.2,14300,12790,89.4,-1510
1,人気帯,2〜3番人気,1301,288,22.1,130100,116250,89.4,-13850
3,頭数帯 × オッズ帯 × パターン,〜10頭 / 〜3倍 / 混戦型,206,86,41.7,20600,18420,89.4,-2180
1,勝率差帯,差<3%,1467,372,25.4,146700,131120,89.4,-15580
3,人気帯 × 芝ダ × オッズ帯,1番人気 / ダート / 3〜10倍,272,71,26.1,27200,24310,89.4,-2890
3,人気帯 × 距離帯 × パターン,1番人気 / 長距離 / 混戦型,87,31,35.6,8700,7770,89.3,-930
3,人気帯 × 頭数帯 × オッズ帯,2〜3番人気 / 〜10頭 / 〜3倍,75,26,34.7,7500,6690,89.2,-810
3,人気帯 × 勝率差帯 × 頭数帯,2〜3番人気 / 差<3% / 15頭〜,331,64,19.3,33100,29540,89.2,-3560
2,勝率差帯 × 頭数帯,差5〜10% / 11〜14頭,343,107,31.2,34300,30550,89.1,-3750
2,人気帯 × オッズ帯,2〜3番人気 / 3〜10倍,1156,240,20.8,115600,102980,89.1,-12620
3,勝率差帯 × 頭数帯 × パターン,差5〜10% / 11〜14頭 / 混戦型,343,107,31.2,34300,30550,89.1,-3750
3,勝率差帯 × 頭数帯 × 芝ダ,差<3% / 〜10頭 / ダート,46,16,34.8,4600,4100,89.1,-500
2,勝率差帯 × 芝ダ,差<3% / 芝,768,191,24.9,76800,68170,88.8,-8630
3,頭数帯 × 芝ダ × 距離帯,11〜14頭 / ダート / 中距離,392,129,32.9,39200,34800,88.8,-4400
2,人気帯 × 芝ダ,2〜3番人気 / ダート,636,137,21.5,63600,56400,88.7,-7200
3,勝率差帯 × 頭数帯 × オッズ帯,差<3% / 11〜14頭 / 3〜10倍,292,64,21.9,29200,25910,88.7,-3290
3,勝率差帯 × 頭数帯 × 距離帯,差3〜5% / 15頭〜 / 短距離,152,38,25.0,15200,13480,88.7,-1720
2,頭数帯 × オッズ帯,11〜14頭 / 3〜10倍,601,132,22.0,60100,53260,88.6,-6840
2,人気帯 × パターン,2〜3番人気 / 混戦型,881,193,21.9,88100,78040,88.6,-10060
3,芝ダ × 距離帯 × パターン,芝 / 短距離 / 波乱型,121,25,20.7,12100,10700,88.4,-1400
3,勝率差帯 × 頭数帯 × 距離帯,差5〜10% / 11〜14頭 / 長距離,45,13,28.9,4500,3980,88.4,-520
3,勝率差帯 × 芝ダ × オッズ帯,差<3% / 芝 / 3〜10倍,501,101,20.2,50100,44240,88.3,-5860
3,人気帯 × オッズ帯 × パターン,2〜3番人気 / 3〜10倍 / 混戦型,802,166,20.7,80200,70850,88.3,-9350
3,人気帯 × 頭数帯 × パターン,1番人気 / 15頭〜 / 波乱型,187,62,33.2,18700,16500,88.2,-2200
3,人気帯 × 芝ダ × オッズ帯,2〜3番人気 / 芝 / 3〜10倍,569,117,20.6,56900,50210,88.2,-6690
2,勝率差帯 × パターン,差<3% / 波乱型,571,136,23.8,57100,50340,88.2,-6760
2,芝ダ × 距離帯,芝 / マイル,404,119,29.5,40400,35620,88.2,-4780
3,人気帯 × 勝率差帯 × 芝ダ,2〜3番人気 / 差5〜10% / ダート,147,35,23.8,14700,12970,88.2,-1730
3,勝率差帯 × オッズ帯 × 距離帯,差5〜10% / 〜3倍 / 中距離,235,99,42.1,23500,20710,88.1,-2790
3,勝率差帯 × オッズ帯 × 距離帯,差10%〜 / 〜3倍 / 長距離,69,32,46.4,6900,6080,88.1,-820
3,頭数帯 × オッズ帯 × 距離帯,15頭〜 / 3〜10倍 / 中距離,443,93,21.0,44300,39020,88.1,-5280
3,人気帯 × 勝率差帯 × 芝ダ,1番人気 / 差<3% / 芝,300,103,34.3,30000,26420,88.1,-3580
3,オッズ帯 × 距離帯 × パターン,〜3倍 / 長距離 / 本命型,69,32,46.4,6900,6080,88.1,-820
3,人気帯 × 勝率差帯 × 頭数帯,1番人気 / 差<3% / 11〜14頭,200,70,35.0,20000,17590,87.9,-2410
2,芝ダ × 距離帯,ダート / 中距離,976,315,32.3,97600,85830,87.9,-11770
3,人気帯 × 芝ダ × パターン,1番人気 / ダート / 混戦型,600,217,36.2,60000,52730,87.9,-7270
2,勝率差帯 × 頭数帯,差<3% / 15頭〜,805,187,23.2,80500,70660,87.8,-9840
3,芝ダ × オッズ帯 × パターン,ダート / 3〜10倍 / 混戦型,678,146,21.5,67800,59550,87.8,-8250
3,頭数帯 × 距離帯 × パターン,11〜14頭 / 中距離 / 混戦型,356,105,29.5,35600,31250,87.8,-4350
2,頭数帯 × 距離帯,11〜14頭 / 中距離,642,202,31.5,64200,56280,87.7,-7920
2,人気帯 × 頭数帯,7番人気〜 / 15頭〜,39,2,5.1,3900,3420,87.7,-480
3,頭数帯 × 芝ダ × パターン,11〜14頭 / ダート / 混戦型,367,107,29.2,36700,32170,87.7,-4530
3,頭数帯 × 芝ダ × 距離帯,〜10頭 / 芝 / マイル,89,29,32.6,8900,7800,87.6,-1100
3,頭数帯 × 芝ダ × 距離帯,15頭〜 / ダート / 中距離,458,137,29.9,45800,40110,87.6,-5690
3,頭数帯 × オッズ帯 × 距離帯,11〜14頭 / 〜3倍 / 長距離,82,36,43.9,8200,7180,87.6,-1020
3,勝率差帯 × 頭数帯 × 距離帯,差3〜5% / 〜10頭 / 中距離,51,15,29.4,5100,4460,87.5,-640
2,芝ダ × オッズ帯,芝 / 3〜10倍,994,200,20.1,99400,86840,87.4,-12560
3,頭数帯 × オッズ帯 × パターン,15頭〜 / 〜3倍 / 混戦型,414,161,38.9,41400,36190,87.4,-5210
3,頭数帯 × 距離帯 × パターン,15頭〜 / 中距離 / 混戦型,469,128,27.3,46900,40980,87.4,-5920
3,頭数帯 × 距離帯 × パターン,15頭〜 / マイル / 混戦型,155,40,25.8,15500,13550,87.4,-1950
3,人気帯 × オッズ帯 × パターン,1番人気 / 3〜10倍 / 波乱型,113,28,24.8,11300,9860,87.3,-1440
2,距離帯 × パターン,中距離 / 混戦型,1015,298,29.4,101500,88660,87.3,-12840
3,勝率差帯 × 頭数帯 × パターン,差3〜5% / 11〜14頭 / 波乱型,71,20,28.2,7100,6200,87.3,-900
3,人気帯 × 勝率差帯 × 距離帯,1番人気 / 差<3% / 長距離,41,14,34.1,4100,3580,87.3,-520
3,勝率差帯 × 頭数帯 × 芝ダ,差<3% / 11〜14頭 / 芝,239,61,25.5,23900,20870,87.3,-3030
2,頭数帯 × 距離帯,15頭〜 / 中距離,821,236,28.7,82100,71560,87.2,-10540
1,オッズ帯,3〜10倍,1970,405,20.6,197000,171820,87.2,-25180
3,勝率差帯 × 芝ダ × オッズ帯,差5〜10% / ダート / 3〜10倍,236,54,22.9,23600,20590,87.2,-3010
2,芝ダ × オッズ帯,ダート / 3〜10倍,976,205,21.0,97600,84980,87.1,-12620
2,勝率差帯 × 頭数帯,差<3% / 11〜14頭,473,122,25.8,47300,41170,87.0,-6130
2,頭数帯 × パターン,11〜14頭 / 混戦型,744,210,28.2,74400,64670,86.9,-9730
3,勝率差帯 × 頭数帯 × オッズ帯,差<3% / 15頭〜 / 3〜10倍,553,105,19.0,55300,48000,86.8,-7300
2,芝ダ × パターン,ダート / 混戦型,1147,324,28.2,114700,99550,86.8,-15150
1,距離帯,中距離,1838,573,31.2,183800,159510,86.8,-24290
3,勝率差帯 × 頭数帯 × 芝ダ,差<3% / 11〜14頭 / ダート,234,61,26.1,23400,20300,86.8,-3100
3,頭数帯 × 芝ダ × オッズ帯,11〜14頭 / 芝 / 3〜10倍,303,64,21.1,30300,26260,86.7,-4040
1,勝率差帯,差3〜5%,613,157,25.6,61300,53140,86.7,-8160
3,頭数帯 × 芝ダ × 距離帯,〜10頭 / ダート / 中距離,126,49,38.9,12600,10920,86.7,-1680
3,勝率差帯 × 距離帯 × パターン,差3〜5% / マイル / 波乱型,35,9,25.7,3500,3030,86.6,-470
3,頭数帯 × 芝ダ × 距離帯,15頭〜 / 芝 / 中距離,363,99,27.3,36300,31450,86.6,-4850
2,人気帯 × 勝率差帯,2〜3番人気 / 差5〜10%,305,69,22.6,30500,26370,86.5,-4130
3,頭数帯 × 距離帯 × パターン,〜10頭 / 短距離 / 混戦型,75,24,32.0,7500,6490,86.5,-1010
3,頭数帯 × オッズ帯 × 距離帯,11〜14頭 / 〜3倍 / マイル,80,34,42.5,8000,6920,86.5,-1080
3,人気帯 × 勝率差帯 × パターン,2〜3番人気 / 差5〜10% / 混戦型,305,69,22.6,30500,26370,86.5,-4130
3,頭数帯 × 距離帯 × パターン,〜10頭 / 中距離 / 混戦型,190,65,34.2,19000,16430,86.5,-2570
3,頭数帯 × 芝ダ × パターン,11〜14頭 / 芝 / 混戦型,377,103,27.3,37700,32500,86.2,-5200
3,オッズ帯 × 距離帯 × パターン,3〜10倍 / 中距離 / 混戦型,595,126,21.2,59500,51310,86.2,-8190
3,芝ダ × オッズ帯 × パターン,ダート / 〜3倍 / 混戦型,442,177,40.0,44200,38120,86.2,-6080
3,人気帯 × 勝率差帯 × オッズ帯,7番人気〜 / 差<3% / 10〜30倍,33,2,6.1,3300,2840,86.1,-460
2,芝ダ × パターン,ダート / 波乱型,385,91,23.6,38500,33100,86.0,-5400
3,頭数帯 × 芝ダ × オッズ帯,15頭〜 / ダート / 3〜10倍,622,126,20.3,62200,53490,86.0,-8710
3,頭数帯 × 芝ダ × 距離帯,11〜14頭 / 芝 / マイル,121,37,30.6,12100,10410,86.0,-1690
2,オッズ帯 × パターン,〜3倍 / 混戦型,917,357,38.9,91700,78810,85.9,-12890
3,頭数帯 × 芝ダ × 距離帯,11〜14頭 / 芝 / 中距離,250,73,29.2,25000,21480,85.9,-3520
3,頭数帯 × 芝ダ × パターン,15頭〜 / ダート / 混戦型,683,181,26.5,68300,58700,85.9,-9600
3,勝率差帯 × 頭数帯 × 距離帯,差5〜10% / 〜10頭 / 中距離,84,31,36.9,8400,7210,85.8,-1190
3,人気帯 × 勝率差帯 × 芝ダ,1番人気 / 差5〜10% / ダート,322,120,37.3,32200,27630,85.8,-4570
3,芝ダ × オッズ帯 × パターン,芝 / 〜3倍 / 混戦型,475,180,37.9,47500,40690,85.7,-6810
3,勝率差帯 × 芝ダ × 距離帯,差5〜10% / 芝 / 長距離,72,20,27.8,7200,6170,85.7,-1030
3,勝率差帯 × 芝ダ × オッズ帯,差3〜5% / 芝 / 〜3倍,115,43,37.4,11500,9860,85.7,-1640
3,人気帯 × 頭数帯 × 芝ダ,2〜3番人気 / 15頭〜 / ダート,370,72,19.5,37000,31670,85.6,-5330
3,勝率差帯 × 頭数帯 × 芝ダ,差3〜5% / 11〜14頭 / 芝,82,24,29.3,8200,7020,85.6,-1180
3,人気帯 × 頭数帯 × 距離帯,2〜3番人気 / 11〜14頭 / 長距離,49,11,22.4,4900,4190,85.5,-710
3,勝率差帯 × 芝ダ × パターン,差<3% / 芝 / 混戦型,463,117,25.3,46300,39580,85.5,-6720
3,勝率差帯 × 頭数帯 × パターン,差<3% / 15頭〜 / 混戦型,480,112,23.3,48000,41050,85.5,-6950
2,芝ダ × 距離帯,芝 / 中距離,862,258,29.9,86200,73680,85.5,-12520
3,人気帯 × 勝率差帯 × 頭数帯,1番人気 / 差5〜10% / 11〜14頭,217,80,36.9,21700,18550,85.5,-3150
3,人気帯 × オッズ帯 × パターン,1番人気 / 〜3倍 / 混戦型,838,330,39.4,83800,71620,85.5,-12180
3,人気帯 × 勝率差帯 × 距離帯,2〜3番人気 / 差<3% / 短距離,208,40,19.2,20800,17770,85.4,-3030
2,人気帯 × オッズ帯,2〜3番人気 / 〜3倍,143,47,32.9,14300,12210,85.4,-2090
2,芝ダ × オッズ帯,ダート / 10〜30倍,81,5,6.2,8100,6920,85.4,-1180
3,人気帯 × 勝率差帯 × オッズ帯,1番人気 / 差<3% / 3〜10倍,233,57,24.5,23300,19900,85.4,-3400
2,勝率差帯 × 距離帯,差5〜10% / 中距離,444,141,31.8,44400,37890,85.3,-6510
3,勝率差帯 × 距離帯 × パターン,差5〜10% / 中距離 / 混戦型,444,141,31.8,44400,37890,85.3,-6510
3,勝率差帯 × 頭数帯 × オッズ帯,差3〜5% / 11〜14頭 / 〜3倍,63,24,38.1,6300,5370,85.2,-930
3,勝率差帯 × 距離帯 × パターン,差<3% / 短距離 / 混戦型,322,76,23.6,32200,27430,85.2,-4770
3,勝率差帯 × オッズ帯 × 距離帯,差<3% / 〜3倍 / マイル,50,19,38.0,5000,4260,85.2,-740
3,勝率差帯 × オッズ帯 × パターン,差<3% / 3〜10倍 / 混戦型,665,132,19.8,66500,56580,85.1,-9920
3,芝ダ × オッズ帯 × 距離帯,芝 / 3〜10倍 / 中距離,387,77,19.9,38700,32930,85.1,-5770
3,勝率差帯 × オッズ帯 × 距離帯,差5〜10% / 3〜10倍 / 中距離,202,42,20.8,20200,17180,85.0,-3020
3,人気帯 × 頭数帯 × 芝ダ,1番人気 / 11〜14頭 / ダート,399,158,39.6,39900,33930,85.0,-5970
2,頭数帯 × 距離帯,〜10頭 / マイル,94,30,31.9,9400,7980,84.9,-1420
3,人気帯 × 勝率差帯 × 芝ダ,2〜3番人気 / 差5〜10% / 芝,158,34,21.5,15800,13400,84.8,-2400
3,勝率差帯 × 芝ダ × パターン,差3〜5% / 芝 / 混戦型,195,51,26.2,19500,16530,84.8,-2970
2,頭数帯 × 芝ダ,〜10頭 / 芝,501,167,33.3,50100,42480,84.8,-7620
2,人気帯 × パターン,1番人気 / 混戦型,1225,424,34.6,122500,103870,84.8,-18630
3,頭数帯 × オッズ帯 × 距離帯,15頭〜 / 〜3倍 / 中距離,341,140,41.1,34100,28930,84.8,-5170
2,勝率差帯 × 芝ダ,差5〜10% / ダート,518,158,30.5,51800,43880,84.7,-7920
3,オッズ帯 × 距離帯 × パターン,〜3倍 / 短距離 / 混戦型,314,117,37.3,31400,26600,84.7,-4800
3,勝率差帯 × 芝ダ × パターン,差5〜10% / ダート / 混戦型,518,158,30.5,51800,43880,84.7,-7920
2,頭数帯 × パターン,〜10頭 / 混戦型,372,118,31.7,37200,31520,84.7,-5680
2,頭数帯 × 芝ダ,15頭〜 / ダート,1219,352,28.9,121900,103300,84.7,-18600
3,人気帯 × オッズ帯 × 距離帯,1番人気 / 〜3倍 / 長距離,144,61,42.4,14400,12180,84.6,-2220
3,頭数帯 × 芝ダ × 距離帯,15頭〜 / ダート / 短距離,657,189,28.8,65700,55610,84.6,-10090
3,人気帯 × 勝率差帯 × オッズ帯,2〜3番人気 / 差5〜10% / 3〜10倍,259,52,20.1,25900,21890,84.5,-4010
3,勝率差帯 × 頭数帯 × 距離帯,差<3% / 15頭〜 / 短距離,377,85,22.5,37700,31850,84.5,-5850
2,頭数帯 × 距離帯,〜10頭 / 中距離,375,135,36.0,37500,31670,84.5,-5830
3,オッズ帯 × 距離帯 × パターン,〜3倍 / 中距離 / 波乱型,108,44,40.7,10800,9130,84.5,-1670
3,人気帯 × 勝率差帯 × 距離帯,2〜3番人気 / 差5〜10% / マイル,39,8,20.5,3900,3290,84.4,-610
2,頭数帯 × オッズ帯,15頭〜 / 3〜10倍,1151,223,19.4,115100,97160,84.4,-17940
3,勝率差帯 × オッズ帯 × パターン,差<3% / 〜3倍 / 波乱型,165,66,40.0,16500,13930,84.4,-2570
3,勝率差帯 × 頭数帯 × 距離帯,差5〜10% / 11〜14頭 / 短距離,104,31,29.8,10400,8780,84.4,-1620
2,勝率差帯 × 頭数帯,差3〜5% / 〜10頭,95,29,30.5,9500,8010,84.3,-1490
3,芝ダ × オッズ帯 × 距離帯,芝 / 〜3倍 / 長距離,153,63,41.2,15300,12900,84.3,-2400
3,人気帯 × 勝率差帯 × 頭数帯,1番人気 / 差3〜5% / 11〜14頭,82,28,34.1,8200,6910,84.3,-1290
1,パターン,混戦型,2331,635,27.2,233100,196170,84.2,-36930
2,人気帯 × 勝率差帯,2〜3番人気 / 差3〜5%,231,47,20.3,23100,19420,84.1,-3680
3,人気帯 × 芝ダ × 距離帯,1番人気 / ダート / 短距離,540,202,37.4,54000,45430,84.1,-8570
3,勝率差帯 × オッズ帯 × 距離帯,差10%〜 / 3〜10倍 / 中距離,93,21,22.6,9300,7810,84.0,-1490
3,勝率差帯 × 芝ダ × オッズ帯,差5〜10% / ダート / 〜3倍,255,103,40.4,25500,21410,84.0,-4090
2,距離帯 × パターン,短距離 / 波乱型,310,71,22.9,31000,26040,84.0,-4960
3,オッズ帯 × 距離帯 × パターン,3〜10倍 / 中距離 / 本命型,93,21,22.6,9300,7810,84.0,-1490
2,オッズ帯 × 距離帯,〜3倍 / 長距離,161,66,41.0,16100,13520,84.0,-2580
3,人気帯 × 勝率差帯 × 距離帯,2〜3番人気 / 差3〜5% / マイル,33,7,21.2,3300,2770,83.9,-530
3,人気帯 × 勝率差帯 × オッズ帯,2〜3番人気 / 差3〜5% / 3〜10倍,213,41,19.2,21300,17870,83.9,-3430
3,人気帯 × 芝ダ × パターン,1番人気 / ダート / 波乱型,160,58,36.2,16000,13410,83.8,-2590
2,距離帯 × パターン,長距離 / 混戦型,162,44,27.2,16200,13560,83.7,-2640
2,勝率差帯 × 距離帯,差<3% / 短距離,547,127,23.2,54700,45660,83.5,-9040
2,頭数帯 × 芝ダ,11〜14頭 / 芝,659,194,29.4,65900,55030,83.5,-10870
3,人気帯 × 勝率差帯 × パターン,1番人気 / 差<3% / 波乱型,228,78,34.2,22800,19020,83.4,-3780
3,人気帯 × オッズ帯 × 距離帯,1番人気 / 3〜10倍 / 中距離,230,56,24.3,23000,19190,83.4,-3810
3,人気帯 × 芝ダ × パターン,2〜3番人気 / 芝 / 混戦型,446,93,20.9,44600,37190,83.4,-7410
3,人気帯 × オッズ帯 × パターン,1番人気 / 3〜10倍 / 混戦型,387,94,24.3,38700,32250,83.3,-6450
3,頭数帯 × 芝ダ × 距離帯,〜10頭 / 芝 / 中距離,249,86,34.5,24900,20750,83.3,-4150
3,人気帯 × 頭数帯 × 芝ダ,4〜6番人気 / 15頭〜 / ダート,98,10,10.2,9800,8160,83.3,-1640
3,勝率差帯 × 頭数帯 × 芝ダ,差<3% / 15頭〜 / 芝,386,83,21.5,38600,32110,83.2,-6490
3,芝ダ × 距離帯 × パターン,ダート / 短距離 / 混戦型,535,140,26.2,53500,44470,83.1,-9030
3,頭数帯 × 芝ダ × パターン,〜10頭 / 芝 / 混戦型,275,82,29.8,27500,22840,83.1,-4660
3,勝率差帯 × 距離帯 × パターン,差5〜10% / 長距離 / 混戦型,77,21,27.3,7700,6400,83.1,-1300
2,勝率差帯 × 距離帯,差5〜10% / 長距離,77,21,27.3,7700,6400,83.1,-1300
3,人気帯 × 頭数帯 × パターン,1番人気 / 〜10頭 / 混戦型,176,71,40.3,17600,14600,83.0,-3000
3,人気帯 × 芝ダ × 距離帯,1番人気 / ダート / 中距離,597,234,39.2,59700,49560,83.0,-10140
3,人気帯 × 勝率差帯 × 距離帯,1番人気 / 差5〜10% / 中距離,281,105,37.4,28100,23330,83.0,-4770
3,勝率差帯 × 芝ダ × オッズ帯,差<3% / ダート / 10〜30倍,47,3,6.4,4700,3900,83.0,-800
3,人気帯 × 勝率差帯 × 頭数帯,1番人気 / 差3〜5% / 15頭〜,179,54,30.2,17900,14860,83.0,-3040
2,人気帯 × 頭数帯,2〜3番人気 / 15頭〜,661,126,19.1,66100,54820,82.9,-11280
3,頭数帯 × 芝ダ × パターン,11〜14頭 / 芝 / 波乱型,123,31,25.2,12300,10200,82.9,-2100
3,勝率差帯 × 頭数帯 × オッズ帯,差5〜10% / 〜10頭 / 〜3倍,115,45,39.1,11500,9530,82.9,-1970
3,人気帯 × 勝率差帯 × パターン,1番人気 / 差3〜5% / 混戦型,204,64,31.4,20400,16920,82.9,-3480
3,人気帯 × 頭数帯 × 距離帯,1番人気 / 11〜14頭 / 中距離,391,151,38.6,39100,32360,82.8,-6740
2,頭数帯 × 距離帯,15頭〜 / マイル,292,77,26.4,29200,24180,82.8,-5020
2,オッズ帯 × パターン,3〜10倍 / 混戦型,1381,276,20.0,138100,114220,82.7,-23880
3,勝率差帯 × 頭数帯 × 芝ダ,差5〜10% / 11〜14頭 / 芝,179,49,27.4,17900,14810,82.7,-3090
3,頭数帯 × 芝ダ × オッズ帯,15頭〜 / 芝 / 3〜10倍,529,97,18.3,52900,43670,82.6,-9230
3,芝ダ × オッズ帯 × パターン,ダート / 〜3倍 / 波乱型,116,47,40.5,11600,9580,82.6,-2020
3,勝率差帯 × 芝ダ × 距離帯,差5〜10% / 芝 / マイル,102,29,28.4,10200,8430,82.6,-1770
2,オッズ帯 × パターン,〜3倍 / 波乱型,248,97,39.1,24800,20450,82.5,-4350
2,人気帯 × パターン,1番人気 / 波乱型,334,114,34.1,33400,27520,82.4,-5880
1,頭数帯,15頭〜,2156,580,26.9,215600,177670,82.4,-37930
3,人気帯 × オッズ帯 × 距離帯,1番人気 / 3〜10倍 / 短距離,245,58,23.7,24500,20190,82.4,-4310
2,人気帯 × 芝ダ,1番人気 / ダート,1229,469,38.2,122900,101260,82.4,-21640
2,人気帯 × 頭数帯,1番人気 / 11〜14頭,790,300,38.0,79000,65080,82.4,-13920
3,芝ダ × オッズ帯 × 距離帯,ダート / 〜3倍 / 短距離,434,175,40.3,43400,35700,82.3,-7700
2,頭数帯 × パターン,15頭〜 / 混戦型,1215,307,25.3,121500,99980,82.3,-21520
3,芝ダ × オッズ帯 × パターン,芝 / 〜3倍 / 波乱型,132,50,37.9,13200,10870,82.3,-2330
2,人気帯 × オッズ帯,1番人気 / 3〜10倍,560,134,23.9,56000,46070,82.3,-9930
3,人気帯 × 頭数帯 × パターン,1番人気 / 15頭〜 / 混戦型,664,213,32.1,66400,54620,82.3,-11780
3,人気帯 × 頭数帯 × オッズ帯,2〜3番人気 / 11〜14頭 / 〜3倍,32,10,31.2,3200,2630,82.2,-570
2,勝率差帯 × 芝ダ,差3〜5% / ダート,312,75,24.0,31200,25640,82.2,-5560
3,人気帯 × 頭数帯 × 芝ダ,1番人気 / 15頭〜 / ダート,731,268,36.7,73100,60050,82.1,-13050
2,人気帯 × 勝率差帯,1番人気 / 差3〜5%,310,100,32.3,31000,25420,82.0,-5580
1,距離帯,長距離,298,92,30.9,29800,24430,82.0,-5370
1,芝ダ,芝,2097,589,28.1,209700,171880,82.0,-37820
3,芝ダ × 距離帯 × パターン,芝 / 中距離 / 混戦型,482,132,27.4,48200,39510,82.0,-8690
3,人気帯 × 頭数帯 × 距離帯,1番人気 / 15頭〜 / 中距離,484,170,35.1,48400,39710,82.0,-8690
3,芝ダ × 距離帯 × パターン,芝 / マイル / 波乱型,83,19,22.9,8300,6800,81.9,-1500
3,頭数帯 × 芝ダ × オッズ帯,11〜14頭 / ダート / 〜3倍,334,140,41.9,33400,27370,81.9,-6030
1,オッズ帯,10〜30倍,154,10,6.5,15400,12620,81.9,-2780
3,オッズ帯 × 距離帯 × パターン,〜3倍 / 短距離 / 波乱型,84,33,39.3,8400,6880,81.9,-1520
3,人気帯 × 芝ダ × パターン,1番人気 / 芝 / 混戦型,625,207,33.1,62500,51140,81.8,-11360
3,人気帯 × 勝率差帯 × 距離帯,1番人気 / 差3〜5% / 短距離,120,38,31.7,12000,9810,81.8,-2190
1,芝ダ,ダート,2109,622,29.5,210900,172480,81.8,-38420
3,勝率差帯 × 芝ダ × パターン,差<3% / ダート / 波乱型,266,62,23.3,26600,21750,81.8,-4850
3,人気帯 × 頭数帯 × 距離帯,1番人気 / 11〜14頭 / マイル,90,35,38.9,9000,7360,81.8,-1640
3,頭数帯 × 距離帯 × パターン,11〜14頭 / 短距離 / 混戦型,225,59,26.2,22500,18410,81.8,-4090
1,頭数帯,〜10頭,685,228,33.3,68500,56010,81.8,-12490
1,距離帯,マイル,564,157,27.8,56400,46080,81.7,-10320
3,頭数帯 × オッズ帯 × パターン,11〜14頭 / 3〜10倍 / 波乱型,112,20,17.9,11200,9140,81.6,-2060
2,芝ダ × パターン,芝 / 混戦型,1184,311,26.3,118400,96620,81.6,-21780
3,人気帯 × 頭数帯 × オッズ帯,2〜3番人気 / 15頭〜 / 3〜10倍,624,114,18.3,62400,50870,81.5,-11530
3,頭数帯 × オッズ帯 × パターン,11〜14頭 / 〜3倍 / 混戦型,297,110,37.0,29700,24200,81.5,-5500
3,頭数帯 × オッズ帯 × 距離帯,11〜14頭 / 3〜10倍 / 長距離,66,14,21.2,6600,5370,81.4,-1230
3,芝ダ × オッズ帯 × 距離帯,芝 / 〜3倍 / 中距離,446,177,39.7,44600,36310,81.4,-8290
3,頭数帯 × オッズ帯 × パターン,〜10頭 / 3〜10倍 / 混戦型,161,32,19.9,16100,13100,81.4,-3000
3,人気帯 × 距離帯 × パターン,1番人気 / 短距離 / 混戦型,463,147,31.7,46300,37620,81.3,-8680
3,勝率差帯 × オッズ帯 × パターン,差3〜5% / 3〜10倍 / 混戦型,246,49,19.9,24600,20010,81.3,-4590
2,芝ダ × 距離帯,芝 / 長距離,275,85,30.9,27500,22350,81.3,-5150
3,人気帯 × 勝率差帯 × 距離帯,2〜3番人気 / 差5〜10% / 短距離,99,22,22.2,9900,8040,81.2,-1860
3,芝ダ × 距離帯 × パターン,ダート / 短距離 / 波乱型,189,46,24.3,18900,15340,81.2,-3560
3,人気帯 × 芝ダ × パターン,1番人気 / 芝 / 波乱型,174,56,32.2,17400,14110,81.1,-3290
1,頭数帯,11〜14頭,1365,403,29.5,136500,110680,81.1,-25820
3,勝率差帯 × 頭数帯 × オッズ帯,差5〜10% / 15頭〜 / 〜3倍,240,90,37.5,24000,19460,81.1,-4540
3,勝率差帯 × 距離帯 × パターン,差<3% / 短距離 / 波乱型,225,51,22.7,22500,18230,81.0,-4270
2,勝率差帯 × パターン,差5〜10% / 混戦型,1044,301,28.8,104400,84390,80.8,-20010
1,勝率差帯,差5〜10%,1044,301,28.8,104400,84390,80.8,-20010
1,人気帯,4〜6番人気,367,37,10.1,36700,29610,80.7,-7090
3,頭数帯 × 芝ダ × オッズ帯,15頭〜 / 芝 / 〜3倍,355,129,36.3,35500,28630,80.6,-6870
2,オッズ帯 × 距離帯,〜3倍 / 中距離,939,383,40.8,93900,75640,80.6,-18260
3,勝率差帯 × 頭数帯 × 芝ダ,差3〜5% / 〜10頭 / 芝,68,21,30.9,6800,5480,80.6,-1320
3,人気帯 × 頭数帯 × パターン,2〜3番人気 / 15頭〜 / 混戦型,440,82,18.6,44000,35440,80.5,-8560
2,人気帯 × 距離帯,1番人気 / 中距離,1095,413,37.7,109500,88140,80.5,-21360
3,人気帯 × 勝率差帯 × 距離帯,1番人気 / 差<3% / マイル,62,21,33.9,6200,4990,80.5,-1210
3,芝ダ × オッズ帯 × 距離帯,芝 / 3〜10倍 / 短距離,311,56,18.0,31100,25050,80.5,-6050
3,人気帯 × 勝率差帯 × 頭数帯,4〜6番人気 / 差<3% / 15頭〜,122,12,9.8,12200,9820,80.5,-2380
3,勝率差帯 × 頭数帯 × オッズ帯,差3〜5% / 〜10頭 / 3〜10倍,42,7,16.7,4200,3380,80.5,-820
3,人気帯 × 距離帯 × パターン,2〜3番人気 / 短距離 / 混戦型,301,60,19.9,30100,24210,80.4,-5890
3,人気帯 × 芝ダ × オッズ帯,1番人気 / ダート / 〜3倍,957,398,41.6,95700,76950,80.4,-18750
3,勝率差帯 × オッズ帯 × パターン,差5〜10% / 3〜10倍 / 混戦型,468,95,20.3,46800,37630,80.4,-9170
2,勝率差帯 × オッズ帯,差5〜10% / 3〜10倍,468,95,20.3,46800,37630,80.4,-9170
3,人気帯 × 頭数帯 × オッズ帯,2〜3番人気 / 15頭〜 / 〜3倍,36,11,30.6,3600,2890,80.3,-710
2,勝率差帯 × オッズ帯,差5〜10% / 〜3倍,543,204,37.6,54300,43620,80.3,-10680
3,勝率差帯 × オッズ帯 × パターン,差5〜10% / 〜3倍 / 混戦型,543,204,37.6,54300,43620,80.3,-10680
3,人気帯 × 勝率差帯 × パターン,2〜3番人気 / 差3〜5% / 混戦型,153,31,20.3,15300,12290,80.3,-3010
2,芝ダ × オッズ帯,ダート / 〜3倍,1005,412,41.0,100500,80580,80.2,-19920
3,人気帯 × 勝率差帯 × パターン,1番人気 / 差3〜5% / 波乱型,106,36,34.0,10600,8500,80.2,-2100
2,勝率差帯 × オッズ帯,差<3% / 10〜30倍,104,7,6.7,10400,8340,80.2,-2060
3,勝率差帯 × オッズ帯 × パターン,差<3% / 10〜30倍 / 波乱型,104,7,6.7,10400,8340,80.2,-2060
3,芝ダ × 距離帯 × パターン,芝 / 長距離 / 混戦型,148,39,26.4,14800,11870,80.2,-2930
3,人気帯 × 芝ダ × 距離帯,2〜3番人気 / ダート / マイル,49,8,16.3,4900,3930,80.2,-970
3,頭数帯 × 芝ダ × オッズ帯,〜10頭 / ダート / 3〜10倍,56,11,19.6,5600,4490,80.2,-1110
2,オッズ帯 × 距離帯,3〜10倍 / 短距離,755,141,18.7,75500,60440,80.1,-15060
2,頭数帯 × オッズ帯,15頭〜 / 〜3倍,910,351,38.6,91000,72800,80.0,-18200
3,人気帯 × 頭数帯 × オッズ帯,1番人気 / 15頭〜 / 〜3倍,874,340,38.9,87400,69910,80.0,-17490
3,勝率差帯 × 頭数帯 × 距離帯,差5〜10% / 11〜14頭 / マイル,45,10,22.2,4500,3600,80.0,-900
3,人気帯 × 頭数帯 × 距離帯,1番人気 / 15頭〜 / 短距離,592,196,33.1,59200,47310,79.9,-11890
3,人気帯 × オッズ帯 × パターン,1番人気 / 〜3倍 / 波乱型,221,86,38.9,22100,17660,79.9,-4440
3,勝率差帯 × 頭数帯 × 芝ダ,差5〜10% / 15頭〜 / ダート,307,83,27.0,30700,24530,79.9,-6170
3,勝率差帯 × 頭数帯 × パターン,差3〜5% / 〜10頭 / 混戦型,69,21,30.4,6900,5510,79.9,-1390
3,芝ダ × オッズ帯 × 距離帯,ダート / 〜3倍 / 中距離,493,206,41.8,49300,39330,79.8,-9970
3,人気帯 × オッズ帯 × 距離帯,1番人気 / 〜3倍 / 中距離,865,357,41.3,86500,68950,79.7,-17550
3,人気帯 × 頭数帯 × 芝ダ,1番人気 / 11〜14頭 / 芝,391,142,36.3,39100,31150,79.7,-7950
3,人気帯 × オッズ帯 × 距離帯,2〜3番人気 / 〜3倍 / 短距離,32,10,31.2,3200,2550,79.7,-650
3,芝ダ × オッズ帯 × 距離帯,ダート / 3〜10倍 / 短距離,444,85,19.1,44400,35390,79.7,-9010
3,人気帯 × 頭数帯 × 芝ダ,2〜3番人気 / 15頭〜 / 芝,291,54,18.6,29100,23150,79.6,-5950
3,頭数帯 × 芝ダ × オッズ帯,15頭〜 / ダート / 〜3倍,555,222,40.0,55500,44170,79.6,-11330
2,頭数帯 × オッズ帯,11〜14頭 / 〜3倍,673,268,39.8,67300,53580,79.6,-13720
2,人気帯 × 頭数帯,1番人気 / 15頭〜,1266,429,33.9,126600,100790,79.6,-25810
3,人気帯 × 頭数帯 × オッズ帯,1番人気 / 11〜14頭 / 〜3倍,641,258,40.2,64100,50950,79.5,-13150
3,頭数帯 × オッズ帯 × 距離帯,15頭〜 / 10〜30倍 / 短距離,38,2,5.3,3800,3020,79.5,-780
2,頭数帯 × 芝ダ,15頭〜 / 芝,937,228,24.3,93700,74370,79.4,-19330
3,頭数帯 × オッズ帯 × 距離帯,15頭〜 / 3〜10倍 / 短距離,530,95,17.9,53000,42060,79.4,-10940
3,人気帯 × 頭数帯 × パターン,1番人気 / 〜10頭 / 波乱型,33,14,42.4,3300,2620,79.4,-680
2,勝率差帯 × パターン,差3〜5% / 混戦型,388,97,25.0,38800,30820,79.4,-7980
3,勝率差帯 × 頭数帯 × 芝ダ,差5〜10% / 〜10頭 / 芝,124,37,29.8,12400,9840,79.4,-2560
3,人気帯 × オッズ帯 × パターン,2〜3番人気 / 3〜10倍 / 本命型,121,24,19.8,12100,9610,79.4,-2490
1,人気帯,1番人気,2444,883,36.1,244400,193780,79.3,-50620
3,頭数帯 × オッズ帯 × 距離帯,〜10頭 / 〜3倍 / 中距離,259,110,42.5,25900,20550,79.3,-5350
3,頭数帯 × オッズ帯 × パターン,11〜14頭 / 3〜10倍 / 本命型,62,13,21.0,6200,4910,79.2,-1290
2,頭数帯 × 距離帯,〜10頭 / 短距離,126,37,29.4,12600,9980,79.2,-2620
3,オッズ帯 × 距離帯 × パターン,〜3倍 / マイル / 混戦型,118,43,36.4,11800,9340,79.2,-2460
3,人気帯 × 勝率差帯 × 距離帯,1番人気 / 差3〜5% / 中距離,127,40,31.5,12700,10030,79.0,-2670
3,勝率差帯 × 芝ダ × 距離帯,差3〜5% / 芝 / 短距離,90,21,23.3,9000,7110,79.0,-1890
2,人気帯 × 距離帯,1番人気 / 短距離,867,294,33.9,86700,68520,79.0,-18180
1,オッズ帯,〜3倍,2027,796,39.3,202700,159920,78.9,-42780
2,頭数帯 × 芝ダ,11〜14頭 / ダート,706,209,29.6,70600,55650,78.8,-14950
3,人気帯 × 勝率差帯 × オッズ帯,1番人気 / 差5〜10% / 〜3倍,497,187,37.6,49700,39140,78.8,-10560
3,人気帯 × 勝率差帯 × オッズ帯,2〜3番人気 / 差10%〜 / 3〜10倍,122,24,19.7,12200,9610,78.8,-2590
3,人気帯 × 頭数帯 × オッズ帯,1番人気 / 15頭〜 / 3〜10倍,392,89,22.7,39200,30880,78.8,-8320
3,勝率差帯 × 芝ダ × 距離帯,差5〜10% / ダート / 短距離,251,66,26.3,25100,19750,78.7,-5350
3,勝率差帯 × 頭数帯 × パターン,差5〜10% / 〜10頭 / 混戦型,171,54,31.6,17100,13450,78.7,-3650
2,勝率差帯 × 頭数帯,差5〜10% / 〜10頭,171,54,31.6,17100,13450,78.7,-3650
3,勝率差帯 × オッズ帯 × パターン,差3〜5% / 〜3倍 / 波乱型,83,31,37.3,8300,6520,78.6,-1780
2,頭数帯 × 距離帯,15頭〜 / 短距離,989,252,25.5,98900,77690,78.6,-21210
3,頭数帯 × オッズ帯 × パターン,〜10頭 / 〜3倍 / 波乱型,41,17,41.5,4100,3220,78.5,-880
2,頭数帯 × 距離帯,15頭〜 / 長距離,54,15,27.8,5400,4240,78.5,-1160
2,人気帯 × 距離帯,4〜6番人気 / 中距離,142,14,9.9,14200,11130,78.4,-3070
2,人気帯 × オッズ帯,1番人気 / 〜3倍,1884,749,39.8,188400,147710,78.4,-40690
3,頭数帯 × オッズ帯 × 距離帯,15頭〜 / 〜3倍 / 短距離,416,155,37.3,41600,32610,78.4,-8990
2,距離帯 × パターン,短距離 / 混戦型,861,213,24.7,86100,67380,78.3,-18720
2,オッズ帯 × パターン,10〜30倍 / 波乱型,121,8,6.6,12100,9480,78.3,-2620
3,人気帯 × 頭数帯 × 距離帯,1番人気 / 11〜14頭 / 短距離,217,75,34.6,21700,17000,78.3,-4700
3,勝率差帯 × 頭数帯 × 距離帯,差5〜10% / 15頭〜 / 中距離,211,57,27.0,21100,16490,78.2,-4610
2,人気帯 × 勝率差帯,1番人気 / 差5〜10%,661,225,34.0,66100,51710,78.2,-14390
2,頭数帯 × 距離帯,11〜14頭 / マイル,178,50,28.1,17800,13920,78.2,-3880
3,人気帯 × 勝率差帯 × パターン,1番人気 / 差5〜10% / 混戦型,661,225,34.0,66100,51710,78.2,-14390
2,芝ダ × オッズ帯,芝 / 10〜30倍,73,5,6.8,7300,5700,78.1,-1600
3,人気帯 × 頭数帯 × 距離帯,1番人気 / 〜10頭 / 長距離,53,20,37.7,5300,4140,78.1,-1160
3,頭数帯 × オッズ帯 × パターン,15頭〜 / 3〜10倍 / 混戦型,793,145,18.3,79300,61910,78.1,-17390
3,人気帯 × 勝率差帯 × 距離帯,2〜3番人気 / 差10%〜 / 中距離,78,18,23.1,7800,6090,78.1,-1710
3,人気帯 × 距離帯 × パターン,2〜3番人気 / 中距離 / 本命型,78,18,23.1,7800,6090,78.1,-1710
2,芝ダ × 距離帯,ダート / 短距離,950,262,27.6,95000,74110,78.0,-20890
3,勝率差帯 × 頭数帯 × オッズ帯,差10%〜 / 11〜14頭 / 3〜10倍,63,13,20.6,6300,4910,77.9,-1390
3,頭数帯 × 芝ダ × オッズ帯,〜10頭 / ダート / 〜3倍,116,50,43.1,11600,9040,77.9,-2560
3,勝率差帯 × 芝ダ × オッズ帯,差<3% / 芝 / 10〜30倍,57,4,7.0,5700,4440,77.9,-1260
3,芝ダ × オッズ帯 × パターン,芝 / 3〜10倍 / 混戦型,703,130,18.5,70300,54670,77.8,-15630
3,勝率差帯 × 頭数帯 × 距離帯,差10%〜 / 15頭〜 / 中距離,189,69,36.5,18900,14710,77.8,-4190
2,オッズ帯 × 距離帯,〜3倍 / 短距離,654,246,37.6,65400,50880,77.8,-14520
3,勝率差帯 × 頭数帯 × オッズ帯,差5〜10% / 11〜14頭 / 〜3倍,188,69,36.7,18800,14630,77.8,-4170
3,人気帯 × オッズ帯 × 距離帯,1番人気 / 〜3倍 / 短距離,622,236,37.9,62200,48330,77.7,-13870
2,頭数帯 × パターン,11〜14頭 / 波乱型,260,61,23.5,26000,20200,77.7,-5800
2,芝ダ × オッズ帯,芝 / 〜3倍,1022,384,37.6,102200,79340,77.6,-22860
3,頭数帯 × 芝ダ × パターン,15頭〜 / 芝 / 混戦型,532,126,23.7,53200,41280,77.6,-11920
3,人気帯 × 勝率差帯 × 距離帯,4〜6番人気 / 差<3% / 短距離,86,8,9.3,8600,6670,77.6,-1930
3,勝率差帯 × 頭数帯 × 芝ダ,差10%〜 / 11〜14頭 / 芝,159,60,37.7,15900,12330,77.5,-3570
3,頭数帯 × 芝ダ × パターン,11〜14頭 / 芝 / 本命型,159,60,37.7,15900,12330,77.5,-3570
3,人気帯 × 芝ダ × 距離帯,1番人気 / 芝 / 中距離,498,179,35.9,49800,38580,77.5,-11220
2,距離帯 × パターン,マイル / 波乱型,121,25,20.7,12100,9360,77.4,-2740
3,頭数帯 × オッズ帯 × 距離帯,11〜14頭 / 〜3倍 / 短距離,172,65,37.8,17200,13320,77.4,-3880
3,頭数帯 × 距離帯 × パターン,15頭〜 / 中距離 / 本命型,188,68,36.2,18800,14530,77.3,-4270
3,頭数帯 × 芝ダ × オッズ帯,11〜14頭 / 芝 / 〜3倍,339,128,37.8,33900,26210,77.3,-7690
3,頭数帯 × オッズ帯 × 距離帯,11〜14頭 / 〜3倍 / 中距離,339,133,39.2,33900,26160,77.2,-7740
2,オッズ帯 × 距離帯,3〜10倍 / 長距離,125,25,20.0,12500,9650,77.2,-2850
3,勝率差帯 × オッズ帯 × 距離帯,差3〜5% / 〜3倍 / 短距離,83,29,34.9,8300,6410,77.2,-1890
3,頭数帯 × 距離帯 × パターン,11〜14頭 / マイル / 本命型,45,18,40.0,4500,3470,77.1,-1030
3,勝率差帯 × 頭数帯 × 距離帯,差10%〜 / 11〜14頭 / マイル,45,18,40.0,4500,3470,77.1,-1030
3,人気帯 × 頭数帯 × パターン,2〜3番人気 / 11〜14頭 / 本命型,49,10,20.4,4900,3780,77.1,-1120
3,勝率差帯 × 芝ダ × オッズ帯,差5〜10% / 芝 / 〜3倍,288,101,35.1,28800,22210,77.1,-6590
3,勝率差帯 × 芝ダ × パターン,差5〜10% / 芝 / 混戦型,526,143,27.2,52600,40510,77.0,-12090
3,人気帯 × 勝率差帯 × 距離帯,1番人気 / 差5〜10% / 短距離,253,79,31.2,25300,19470,77.0,-5830
2,勝率差帯 × オッズ帯,差3〜5% / 〜3倍,225,79,35.1,22500,17330,77.0,-5170
2,勝率差帯 × 芝ダ,差5〜10% / 芝,526,143,27.2,52600,40510,77.0,-12090
3,オッズ帯 × 距離帯 × パターン,3〜10倍 / 長距離 / 混戦型,88,18,20.5,8800,6780,77.0,-2020
2,勝率差帯 × 距離帯,差5〜10% / 短距離,389,103,26.5,38900,29930,76.9,-8970
3,勝率差帯 × 頭数帯 × オッズ帯,差5〜10% / 〜10頭 / 3〜10倍,51,9,17.6,5100,3920,76.9,-1180
3,勝率差帯 × 距離帯 × パターン,差5〜10% / 短距離 / 混戦型,389,103,26.5,38900,29930,76.9,-8970
3,勝率差帯 × 距離帯 × パターン,差3〜5% / 中距離 / 混戦型,166,40,24.1,16600,12760,76.9,-3840
3,人気帯 × オッズ帯 × パターン,7番人気〜 / 10〜30倍 / 波乱型,37,2,5.4,3700,2840,76.8,-860
3,勝率差帯 × 頭数帯 × 芝ダ,差5〜10% / 〜10頭 / ダート,47,17,36.2,4700,3610,76.8,-1090
3,人気帯 × 勝率差帯 × オッズ帯,4〜6番人気 / 差<3% / 3〜10倍,145,15,10.3,14500,11140,76.8,-3360
3,頭数帯 × オッズ帯 × パターン,15頭〜 / 10〜30倍 / 波乱型,76,5,6.6,7600,5830,76.7,-1770
3,オッズ帯 × 距離帯 × パターン,〜3倍 / 長距離 / 混戦型,72,25,34.7,7200,5520,76.7,-1680
3,人気帯 × 勝率差帯 × オッズ帯,1番人気 / 差5〜10% / 3〜10倍,164,38,23.2,16400,12570,76.6,-3830
2,勝率差帯 × 距離帯,差3〜5% / 短距離,233,54,23.2,23300,17830,76.5,-5470
3,勝率差帯 × オッズ帯 × 距離帯,差5〜10% / 〜3倍 / 短距離,189,65,34.4,18900,14460,76.5,-4440
3,勝率差帯 × 頭数帯 × 距離帯,差<3% / 11〜14頭 / 短距離,133,32,24.1,13300,10180,76.5,-3120
3,人気帯 × 芝ダ × オッズ帯,1番人気 / 芝 / 〜3倍,927,351,37.9,92700,70760,76.3,-21940
3,頭数帯 × オッズ帯 × 距離帯,11〜14頭 / 3〜10倍 / 短距離,175,35,20.0,17500,13350,76.3,-4150
3,勝率差帯 × 頭数帯 × パターン,差5〜10% / 15頭〜 / 混戦型,530,140,26.4,53000,40390,76.2,-12610
2,勝率差帯 × 頭数帯,差5〜10% / 15頭〜,530,140,26.4,53000,40390,76.2,-12610
3,頭数帯 × オッズ帯 × パターン,15頭〜 / 〜3倍 / 波乱型,115,41,35.7,11500,8750,76.1,-2750
3,人気帯 × 頭数帯 × 芝ダ,1番人気 / 15頭〜 / 芝,535,161,30.1,53500,40740,76.1,-12760
2,人気帯 × 芝ダ,1番人気 / 芝,1215,414,34.1,121500,92520,76.1,-28980
3,勝率差帯 × オッズ帯 × パターン,差3〜5% / 〜3倍 / 混戦型,142,48,33.8,14200,10810,76.1,-3390
3,勝率差帯 × 距離帯 × パターン,差5〜10% / マイル / 混戦型,134,36,26.9,13400,10170,75.9,-3230
3,人気帯 × 勝率差帯 × オッズ帯,1番人気 / 差3〜5% / 〜3倍,208,73,35.1,20800,15780,75.9,-5020
3,頭数帯 × オッズ帯 × パターン,11〜14頭 / 10〜30倍 / 波乱型,34,2,5.9,3400,2580,75.9,-820
2,勝率差帯 × 距離帯,差5〜10% / マイル,134,36,26.9,13400,10170,75.9,-3230
1,距離帯,短距離,1506,389,25.8,150600,114340,75.9,-36260
3,人気帯 × 頭数帯 × パターン,4〜6番人気 / 15頭〜 / 混戦型,106,11,10.4,10600,8040,75.8,-2560
3,頭数帯 × 距離帯 × パターン,15頭〜 / 短距離 / 混戦型,561,130,23.2,56100,42480,75.7,-13620
3,人気帯 × 頭数帯 × パターン,1番人気 / 11〜14頭 / 本命型,291,122,41.9,29100,22030,75.7,-7070
3,人気帯 × 勝率差帯 × 頭数帯,1番人気 / 差10%〜 / 11〜14頭,291,122,41.9,29100,22030,75.7,-7070
3,人気帯 × 芝ダ × オッズ帯,1番人気 / 芝 / 3〜10倍,288,63,21.9,28800,21760,75.6,-7040
3,人気帯 × 勝率差帯 × 頭数帯,2〜3番人気 / 差10%〜 / 11〜14頭,50,10,20.0,5000,3780,75.6,-1220
3,人気帯 × 芝ダ × オッズ帯,2〜3番人気 / ダート / 〜3倍,48,14,29.2,4800,3630,75.6,-1170
2,頭数帯 × オッズ帯,〜10頭 / 〜3倍,444,177,39.9,44400,33540,75.5,-10860
3,勝率差帯 × オッズ帯 × パターン,差10%〜 / 3〜10倍 / 本命型,197,38,19.3,19700,14870,75.5,-4830
2,オッズ帯 × パターン,3〜10倍 / 本命型,197,38,19.3,19700,14870,75.5,-4830
3,勝率差帯 × 芝ダ × 距離帯,差10%〜 / ダート / 中距離,290,112,38.6,29000,21900,75.5,-7100
3,人気帯 × 勝率差帯 × 頭数帯,1番人気 / 差5〜10% / 15頭〜,349,110,31.5,34900,26320,75.4,-8580
3,人気帯 × 芝ダ × 距離帯,2〜3番人気 / ダート / 短距離,281,52,18.5,28100,21200,75.4,-6900
3,芝ダ × 距離帯 × パターン,ダート / 中距離 / 本命型,289,111,38.4,28900,21720,75.2,-7180
3,頭数帯 × オッズ帯 × 距離帯,〜10頭 / 〜3倍 / 短距離,66,26,39.4,6600,4950,75.0,-1650
3,勝率差帯 × 芝ダ × 距離帯,差3〜5% / ダート / 短距離,143,33,23.1,14300,10720,75.0,-3580
3,人気帯 × 勝率差帯 × 芝ダ,1番人気 / 差10%〜 / ダート,471,195,41.4,47100,35300,74.9,-11800
3,人気帯 × 芝ダ × パターン,1番人気 / ダート / 本命型,469,194,41.4,46900,35120,74.9,-11780
3,人気帯 × 勝率差帯 × パターン,2〜3番人気 / 差10%〜 / 本命型,158,33,20.9,15800,11840,74.9,-3960
2,人気帯 × パターン,2〜3番人気 / 本命型,158,33,20.9,15800,11840,74.9,-3960
3,勝率差帯 × 頭数帯 × 距離帯,差5〜10% / 15頭〜 / 短距離,248,61,24.6,24800,18550,74.8,-6250
2,勝率差帯 × オッズ帯,差10%〜 / 3〜10倍,199,38,19.1,19900,14870,74.7,-5030
3,頭数帯 × 芝ダ × オッズ帯,〜10頭 / 芝 / 〜3倍,328,127,38.7,32800,24500,74.7,-8300
3,頭数帯 × オッズ帯 × 距離帯,15頭〜 / 3〜10倍 / 長距離,30,6,20.0,3000,2240,74.7,-760
2,人気帯 × 距離帯,2〜3番人気 / 短距離,435,80,18.4,43500,32480,74.7,-11020
3,人気帯 × 勝率差帯 × 距離帯,4〜6番人気 / 差<3% / 中距離,87,8,9.2,8700,6490,74.6,-2210
3,勝率差帯 × 芝ダ × 距離帯,差<3% / 芝 / 短距離,219,40,18.3,21900,16320,74.5,-5580
2,人気帯 × 勝率差帯,2〜3番人気 / 差10%〜,159,33,20.8,15900,11840,74.5,-4060
3,人気帯 × 勝率差帯 × 頭数帯,1番人気 / 差3〜5% / 〜10頭,49,18,36.7,4900,3650,74.5,-1250
2,人気帯 × 距離帯,4〜6番人気 / 短距離,154,14,9.1,15400,11460,74.4,-3940
3,人気帯 × オッズ帯 × 距離帯,2〜3番人気 / 3〜10倍 / 短距離,403,70,17.4,40300,29930,74.3,-10370
3,勝率差帯 × 頭数帯 × 芝ダ,差10%〜 / 15頭〜 / ダート,313,116,37.1,31300,23240,74.2,-8060
3,人気帯 × 勝率差帯 × 芝ダ,4〜6番人気 / 差<3% / 芝,120,11,9.2,12000,8900,74.2,-3100
3,勝率差帯 × 頭数帯 × パターン,差<3% / 11〜14頭 / 波乱型,189,41,21.7,18900,14000,74.1,-4900
3,頭数帯 × 芝ダ × パターン,15頭〜 / ダート / 本命型,311,115,37.0,31100,23060,74.1,-8040
3,人気帯 × 芝ダ × パターン,4〜6番人気 / 芝 / 混戦型,112,11,9.8,11200,8290,74.0,-2910
3,人気帯 × オッズ帯 × 距離帯,4〜6番人気 / 3〜10倍 / 中距離,105,11,10.5,10500,7770,74.0,-2730
3,勝率差帯 × 芝ダ × パターン,差3〜5% / ダート / 混戦型,193,46,23.8,19300,14290,74.0,-5010
3,勝率差帯 × オッズ帯 × 距離帯,差3〜5% / 〜3倍 / マイル,31,10,32.3,3100,2290,73.9,-810
3,勝率差帯 × 芝ダ × オッズ帯,差10%〜 / ダート / 〜3倍,448,189,42.2,44800,33060,73.8,-11740
3,芝ダ × オッズ帯 × 距離帯,芝 / 3〜10倍 / 長距離,111,21,18.9,11100,8190,73.8,-2910
3,勝率差帯 × 芝ダ × 距離帯,差5〜10% / 芝 / 短距離,138,37,26.8,13800,10180,73.8,-3620
3,人気帯 × 距離帯 × パターン,1番人気 / マイル / 混戦型,141,46,32.6,14100,10390,73.7,-3710
3,人気帯 × 頭数帯 × パターン,1番人気 / 11〜14頭 / 波乱型,114,38,33.3,11400,8400,73.7,-3000
3,芝ダ × オッズ帯 × 距離帯,芝 / 〜3倍 / マイル,203,73,36.0,20300,14950,73.6,-5350
3,勝率差帯 × 距離帯 × パターン,差<3% / マイル / 波乱型,86,16,18.6,8600,6330,73.6,-2270
3,芝ダ × オッズ帯 × パターン,ダート / 〜3倍 / 本命型,447,188,42.1,44700,32880,73.6,-11820
3,頭数帯 × オッズ帯 × 距離帯,〜10頭 / 〜3倍 / 長距離,59,21,35.6,5900,4340,73.6,-1560
3,頭数帯 × オッズ帯 × パターン,11〜14頭 / 〜3倍 / 本命型,284,119,41.9,28400,20900,73.6,-7500
3,勝率差帯 × 頭数帯 × オッズ帯,差10%〜 / 11〜14頭 / 〜3倍,284,119,41.9,28400,20900,73.6,-7500
3,勝率差帯 × 芝ダ × 距離帯,差5〜10% / 芝 / 中距離,214,57,26.6,21400,15730,73.5,-5670
3,人気帯 × 頭数帯 × 芝ダ,1番人気 / 〜10頭 / ダート,99,43,43.4,9900,7280,73.5,-2620
2,頭数帯 × 芝ダ,〜10頭 / ダート,184,61,33.2,18400,13530,73.5,-4870
3,勝率差帯 × オッズ帯 × 距離帯,差5〜10% / 3〜10倍 / 短距離,185,37,20.0,18500,13590,73.5,-4910
3,勝率差帯 × 頭数帯 × 距離帯,差5〜10% / 15頭〜 / マイル,62,19,30.6,6200,4560,73.5,-1640
3,勝率差帯 × 頭数帯 × オッズ帯,差10%〜 / 15頭〜 / 〜3倍,382,150,39.3,38200,28040,73.4,-10160
3,勝率差帯 × 芝ダ × オッズ帯,差5〜10% / 芝 / 3〜10倍,232,41,17.7,23200,17040,73.4,-6160
3,勝率差帯 × オッズ帯 × 距離帯,差3〜5% / 〜3倍 / 中距離,93,32,34.4,9300,6830,73.4,-2470
3,勝率差帯 × オッズ帯 × 距離帯,差3〜5% / 3〜10倍 / 短距離,140,24,17.1,14000,10280,73.4,-3720
3,人気帯 × 勝率差帯 × 芝ダ,2〜3番人気 / 差3〜5% / 芝,106,21,19.8,10600,7770,73.3,-2830
3,人気帯 × 勝率差帯 × 距離帯,4〜6番人気 / 差<3% / マイル,33,3,9.1,3300,2420,73.3,-880
3,人気帯 × 芝ダ × 距離帯,2〜3番人気 / 芝 / 短距離,154,28,18.2,15400,11280,73.2,-4120
3,頭数帯 × オッズ帯 × パターン,15頭〜 / 〜3倍 / 本命型,381,149,39.1,38100,27860,73.1,-10240
3,オッズ帯 × 距離帯 × パターン,3〜10倍 / 短距離 / 混戦型,532,95,17.9,53200,38900,73.1,-14300
3,人気帯 × 頭数帯 × 距離帯,1番人気 / 〜10頭 / 中距離,220,92,41.8,22000,16070,73.0,-5930
3,頭数帯 × 芝ダ × パターン,11〜14頭 / ダート / 波乱型,137,30,21.9,13700,10000,73.0,-3700
2,オッズ帯 × 距離帯,〜3倍 / マイル,273,101,37.0,27300,19880,72.8,-7420
3,人気帯 × 頭数帯 × オッズ帯,1番人気 / 〜10頭 / 〜3倍,369,151,40.9,36900,26850,72.8,-10050
3,勝率差帯 × オッズ帯 × 距離帯,差5〜10% / 〜3倍 / マイル,73,25,34.2,7300,5310,72.7,-1990
3,人気帯 × 頭数帯 × 距離帯,1番人気 / 〜10頭 / 短距離,58,23,39.7,5800,4210,72.6,-1590
2,芝ダ × 距離帯,芝 / 短距離,556,127,22.8,55600,40230,72.4,-15370
2,勝率差帯 × 距離帯,差10%〜 / 中距離,514,189,36.8,51400,37150,72.3,-14250
3,人気帯 × オッズ帯 × 距離帯,1番人気 / 〜3倍 / マイル,253,95,37.5,25300,18250,72.1,-7050
3,勝率差帯 × 距離帯 × パターン,差10%〜 / 中距離 / 本命型,513,188,36.6,51300,36970,72.1,-14330
3,勝率差帯 × 頭数帯 × 芝ダ,差10%〜 / 〜10頭 / 芝,166,62,37.3,16600,11970,72.1,-4630
2,距離帯 × パターン,中距離 / 本命型,513,188,36.6,51300,36970,72.1,-14330
3,頭数帯 × 芝ダ × パターン,〜10頭 / 芝 / 本命型,166,62,37.3,16600,11970,72.1,-4630
3,人気帯 × 勝率差帯 × 頭数帯,1番人気 / 差5〜10% / 〜10頭,95,35,36.8,9500,6840,72.0,-2660
3,人気帯 × 勝率差帯 × 距離帯,1番人気 / 差5〜10% / マイル,79,26,32.9,7900,5690,72.0,-2210
3,人気帯 × 距離帯 × パターン,2〜3番人気 / 長距離 / 混戦型,63,12,19.0,6300,4530,71.9,-1770
2,人気帯 × 頭数帯,1番人気 / 〜10頭,388,154,39.7,38800,27910,71.9,-10890
3,頭数帯 × 芝ダ × 距離帯,〜10頭 / 芝 / 長距離,89,26,29.2,8900,6380,71.7,-2520
3,人気帯 × 頭数帯 × パターン,4〜6番人気 / 11〜14頭 / 波乱型,37,3,8.1,3700,2650,71.6,-1050
3,人気帯 × 勝率差帯 × 距離帯,1番人気 / 差10%〜 / 中距離,426,170,39.9,42600,30490,71.6,-12110
3,人気帯 × 距離帯 × パターン,1番人気 / 中距離 / 波乱型,136,44,32.4,13600,9740,71.6,-3860
3,人気帯 × 勝率差帯 × 頭数帯,1番人気 / 差10%〜 / 15頭〜,417,155,37.2,41700,29850,71.6,-11850
2,頭数帯 × パターン,11〜14頭 / 本命型,361,132,36.6,36100,25810,71.5,-10290
2,人気帯 × 勝率差帯,4〜6番人気 / 差5〜10%,62,6,9.7,6200,4430,71.5,-1770
2,人気帯 × 勝率差帯,4〜6番人気 / 差<3%,218,19,8.7,21800,15580,71.5,-6220
3,人気帯 × 勝率差帯 × パターン,4〜6番人気 / 差5〜10% / 混戦型,62,6,9.7,6200,4430,71.5,-1770
3,人気帯 × 頭数帯 × パターン,1番人気 / 15頭〜 / 本命型,415,154,37.1,41500,29670,71.5,-11830
3,頭数帯 × 芝ダ × 距離帯,15頭〜 / 芝 / 長距離,48,13,27.1,4800,3430,71.5,-1370
3,勝率差帯 × 頭数帯 × パターン,差10%〜 / 11〜14頭 / 本命型,361,132,36.6,36100,25810,71.5,-10290
3,人気帯 × 頭数帯 × 芝ダ,1番人気 / 〜10頭 / 芝,289,111,38.4,28900,20630,71.4,-8270
2,勝率差帯 × 頭数帯,差10%〜 / 11〜14頭,362,132,36.5,36200,25810,71.3,-10390
3,人気帯 × 距離帯 × パターン,1番人気 / 中距離 / 本命型,425,169,39.8,42500,30310,71.3,-12190
3,頭数帯 × 距離帯 × パターン,11〜14頭 / 長距離 / 波乱型,32,9,28.1,3200,2280,71.2,-920
3,勝率差帯 × 頭数帯 × 芝ダ,差5〜10% / 15頭〜 / 芝,223,57,25.6,22300,15860,71.1,-6440
3,勝率差帯 × 芝ダ × パターン,差10%〜 / 芝 / 本命型,502,173,34.5,50200,35700,71.1,-14500
2,芝ダ × パターン,芝 / 本命型,502,173,34.5,50200,35700,71.1,-14500
3,人気帯 × 勝率差帯 × 芝ダ,1番人気 / 差3〜5% / ダート,150,45,30.0,15000,10670,71.1,-4330
2,勝率差帯 × 芝ダ,差10%〜 / 芝,502,173,34.5,50200,35700,71.1,-14500
3,人気帯 × 勝率差帯 × オッズ帯,1番人気 / 差10%〜 / 〜3倍,826,334,40.4,82600,58610,71.0,-23990
3,人気帯 × 勝率差帯 × 芝ダ,1番人気 / 差5〜10% / 芝,339,105,31.0,33900,24080,71.0,-9820
2,頭数帯 × 距離帯,〜10頭 / 長距離,90,26,28.9,9000,6380,70.9,-2620
3,人気帯 × オッズ帯 × パターン,1番人気 / 〜3倍 / 本命型,825,333,40.4,82500,58430,70.8,-24070
3,頭数帯 × 芝ダ × 距離帯,11〜14頭 / 芝 / 短距離,150,38,25.3,15000,10600,70.7,-4400
2,勝率差帯 × 頭数帯,差10%〜 / 15頭〜,490,167,34.1,49000,34640,70.7,-14360
3,人気帯 × 頭数帯 × オッズ帯,4〜6番人気 / 11〜14頭 / 10〜30倍,36,2,5.6,3600,2540,70.6,-1060
3,人気帯 × 芝ダ × 距離帯,1番人気 / 芝 / 短距離,327,92,28.1,32700,23090,70.6,-9610
2,頭数帯 × パターン,15頭〜 / 本命型,488,166,34.0,48800,34460,70.6,-14340
3,勝率差帯 × 頭数帯 × パターン,差10%〜 / 15頭〜 / 本命型,488,166,34.0,48800,34460,70.6,-14340
2,人気帯 × 勝率差帯,1番人気 / 差10%〜,887,346,39.0,88700,62570,70.5,-26130
3,人気帯 × 勝率差帯 × パターン,1番人気 / 差10%〜 / 本命型,885,345,39.0,88500,62390,70.5,-26110
2,人気帯 × 距離帯,2〜3番人気 / 長距離,98,18,18.4,9800,6910,70.5,-2890
2,人気帯 × パターン,1番人気 / 本命型,885,345,39.0,88500,62390,70.5,-26110
2,勝率差帯 × オッズ帯,差10%〜 / 〜3倍,863,343,39.7,86300,60840,70.5,-25460
3,人気帯 × 芝ダ × 距離帯,1番人気 / 芝 / マイル,225,75,33.3,22500,15860,70.5,-6640
3,勝率差帯 × オッズ帯 × パターン,差10%〜 / 〜3倍 / 本命型,862,342,39.7,86200,60660,70.4,-25540
3,人気帯 × 勝率差帯 × オッズ帯,4〜6番人気 / 差5〜10% / 3〜10倍,45,5,11.1,4500,3170,70.4,-1330
3,芝ダ × オッズ帯 × 距離帯,ダート / 〜3倍 / マイル,70,28,40.0,7000,4930,70.4,-2070
2,オッズ帯 × パターン,〜3倍 / 本命型,862,342,39.7,86200,60660,70.4,-25540
2,勝率差帯 × 頭数帯,差3〜5% / 11〜14頭,187,42,22.5,18700,13150,70.3,-5550
3,勝率差帯 × 頭数帯 × 距離帯,差5〜10% / 〜10頭 / 短距離,37,11,29.7,3700,2600,70.3,-1100
3,芝ダ × 距離帯 × パターン,芝 / 短距離 / 混戦型,326,73,22.4,32600,22910,70.3,-9690
3,頭数帯 × 距離帯 × パターン,11〜14頭 / 中距離 / 本命型,185,68,36.8,18500,12960,70.1,-5540
3,勝率差帯 × 頭数帯 × オッズ帯,差3〜5% / 11〜14頭 / 3〜10倍,111,18,16.2,11100,7780,70.1,-3320
3,勝率差帯 × 頭数帯 × 距離帯,差10%〜 / 11〜14頭 / 中距離,185,68,36.8,18500,12960,70.1,-5540
1,パターン,本命型,1079,380,35.2,107900,75530,70.0,-32370
3,勝率差帯 × 頭数帯 × オッズ帯,差<3% / 15頭〜 / 10〜30倍,67,4,6.0,6700,4690,70.0,-2010
3,勝率差帯 × オッズ帯 × 距離帯,差10%〜 / 〜3倍 / 中距離,419,168,40.1,41900,29340,70.0,-12560
1,勝率差帯,差10%〜,1082,381,35.2,108200,75710,70.0,-32490
2,勝率差帯 × パターン,差10%〜 / 本命型,1079,380,35.2,107900,75530,70.0,-32370
3,オッズ帯 × 距離帯 × パターン,〜3倍 / マイル / 波乱型,36,11,30.6,3600,2520,70.0,-1080
3,人気帯 × 頭数帯 × 距離帯,2〜3番人気 / 〜10頭 / 長距離,32,6,18.8,3200,2240,70.0,-960
3,勝率差帯 × 芝ダ × 距離帯,差10%〜 / 芝 / マイル,93,33,35.5,9300,6490,69.8,-2810
3,芝ダ × 距離帯 × パターン,芝 / マイル / 本命型,93,33,35.5,9300,6490,69.8,-2810
2,頭数帯 × オッズ帯,11〜14頭 / 10〜30倍,55,3,5.5,5500,3840,69.8,-1660
3,オッズ帯 × 距離帯 × パターン,〜3倍 / 中距離 / 本命型,418,167,40.0,41800,29160,69.8,-12640
3,頭数帯 × オッズ帯 × 距離帯,15頭〜 / 〜3倍 / マイル,133,47,35.3,13300,9260,69.6,-4040
3,人気帯 × 勝率差帯 × 頭数帯,2〜3番人気 / 差5〜10% / 15頭〜,147,26,17.7,14700,10210,69.5,-4490
3,人気帯 × 芝ダ × 距離帯,2〜3番人気 / 芝 / 長距離,88,16,18.2,8800,6100,69.3,-2700
3,頭数帯 × 芝ダ × 距離帯,15頭〜 / ダート / マイル,98,24,24.5,9800,6770,69.1,-3030
3,勝率差帯 × 芝ダ × パターン,差10%〜 / ダート / 本命型,577,207,35.9,57700,39830,69.0,-17870
3,芝ダ × オッズ帯 × 距離帯,芝 / 〜3倍 / 短距離,220,71,32.3,22000,15180,69.0,-6820
2,芝ダ × パターン,ダート / 本命型,577,207,35.9,57700,39830,69.0,-17870
2,勝率差帯 × 芝ダ,差10%〜 / ダート,580,208,35.9,58000,40010,69.0,-17990
3,人気帯 × オッズ帯 × 距離帯,2〜3番人気 / 3〜10倍 / 長距離,81,13,16.0,8100,5570,68.8,-2530
2,人気帯 × 距離帯,1番人気 / マイル,305,103,33.8,30500,20860,68.4,-9640
3,勝率差帯 × オッズ帯 × 距離帯,差5〜10% / 〜3倍 / 長距離,46,15,32.6,4600,3140,68.3,-1460
2,頭数帯 × 距離帯,11〜14頭 / 短距離,391,100,25.6,39100,26670,68.2,-12430
3,人気帯 × 頭数帯 × 距離帯,4〜6番人気 / 11〜14頭 / 中距離,50,4,8.0,5000,3410,68.2,-1590
3,人気帯 × 勝率差帯 × 芝ダ,4〜6番人気 / 差<3% / ダート,98,8,8.2,9800,6680,68.2,-3120
3,勝率差帯 × 芝ダ × 距離帯,差10%〜 / 芝 / 中距離,224,77,34.4,22400,15250,68.1,-7150
3,芝ダ × 距離帯 × パターン,芝 / 中距離 / 本命型,224,77,34.4,22400,15250,68.1,-7150
3,人気帯 × オッズ帯 × パターン,4〜6番人気 / 10〜30倍 / 波乱型,82,5,6.1,8200,5580,68.0,-2620
3,人気帯 × 頭数帯 × 距離帯,4〜6番人気 / 15頭〜 / 中距離,69,6,8.7,6900,4690,68.0,-2210
3,勝率差帯 × オッズ帯 × 距離帯,差10%〜 / 〜3倍 / 短距離,256,96,37.5,25600,17400,68.0,-8200
3,オッズ帯 × 距離帯 × パターン,〜3倍 / 短距離 / 本命型,256,96,37.5,25600,17400,68.0,-8200
3,勝率差帯 × 芝ダ × 距離帯,差<3% / ダート / マイル,48,7,14.6,4800,3260,67.9,-1540
3,勝率差帯 × 芝ダ × オッズ帯,差3〜5% / ダート / 〜3倍,110,36,32.7,11000,7470,67.9,-3530
3,人気帯 × 距離帯 × パターン,2〜3番人気 / 短距離 / 波乱型,90,14,15.6,9000,6100,67.8,-2900
3,勝率差帯 × 頭数帯 × 距離帯,差10%〜 / 〜10頭 / 中距離,140,52,37.1,14000,9480,67.7,-4520
3,勝率差帯 × 距離帯 × パターン,差10%〜 / マイル / 本命型,150,52,34.7,15000,10150,67.7,-4850
3,頭数帯 × 距離帯 × パターン,〜10頭 / 中距離 / 本命型,140,52,37.1,14000,9480,67.7,-4520
3,勝率差帯 × 距離帯 × パターン,差3〜5% / 短距離 / 混戦型,148,34,23.0,14800,10020,67.7,-4780
2,距離帯 × パターン,マイル / 本命型,150,52,34.7,15000,10150,67.7,-4850
2,勝率差帯 × 距離帯,差10%〜 / マイル,150,52,34.7,15000,10150,67.7,-4850
3,勝率差帯 × 頭数帯 × オッズ帯,差5〜10% / 15頭〜 / 3〜10倍,282,49,17.4,28200,19050,67.6,-9150
3,人気帯 × 芝ダ × オッズ帯,4〜6番人気 / ダート / 3〜10倍,117,11,9.4,11700,7900,67.5,-3800
3,勝率差帯 × オッズ帯 × 距離帯,差10%〜 / 〜3倍 / マイル,119,47,39.5,11900,8020,67.4,-3880
3,オッズ帯 × 距離帯 × パターン,〜3倍 / マイル / 本命型,119,47,39.5,11900,8020,67.4,-3880
3,芝ダ × 距離帯 × パターン,ダート / マイル / 波乱型,38,6,15.8,3800,2560,67.4,-1240
3,芝ダ × オッズ帯 × 距離帯,ダート / 3〜10倍 / マイル,66,9,13.6,6600,4450,67.4,-2150
3,芝ダ × オッズ帯 × パターン,芝 / 10〜30倍 / 波乱型,66,4,6.1,6600,4440,67.3,-2160
3,人気帯 × 勝率差帯 × 距離帯,1番人気 / 差5〜10% / 長距離,48,15,31.2,4800,3220,67.1,-1580
3,芝ダ × オッズ帯 × 距離帯,ダート / 10〜30倍 / 短距離,45,2,4.4,4500,3020,67.1,-1480
3,芝ダ × オッズ帯 × パターン,芝 / 〜3倍 / 本命型,415,154,37.1,41500,27780,66.9,-13720
3,勝率差帯 × 芝ダ × オッズ帯,差10%〜 / 芝 / 〜3倍,415,154,37.1,41500,27780,66.9,-13720
3,勝率差帯 × 頭数帯 × 距離帯,差10%〜 / 15頭〜 / マイル,77,25,32.5,7700,5140,66.8,-2560
3,頭数帯 × 距離帯 × パターン,15頭〜 / マイル / 本命型,77,25,32.5,7700,5140,66.8,-2560
3,人気帯 × 距離帯 × パターン,1番人気 / マイル / 波乱型,39,11,28.2,3900,2600,66.7,-1300
3,頭数帯 × 芝ダ × 距離帯,11〜14頭 / ダート / 短距離,241,62,25.7,24100,16070,66.7,-8030
3,頭数帯 × 芝ダ × パターン,11〜14頭 / ダート / 本命型,202,72,35.6,20200,13480,66.7,-6720
3,人気帯 × 距離帯 × パターン,1番人気 / 短距離 / 本命型,271,98,36.2,27100,18020,66.5,-9080
3,頭数帯 × 芝ダ × 距離帯,15頭〜 / 芝 / 短距離,332,63,19.0,33200,22080,66.5,-11120
3,勝率差帯 × 頭数帯 × 芝ダ,差10%〜 / 11〜14頭 / ダート,203,72,35.5,20300,13480,66.4,-6820
3,勝率差帯 × 頭数帯 × パターン,差10%〜 / 〜10頭 / 本命型,230,82,35.7,23000,15260,66.3,-7740
2,頭数帯 × パターン,〜10頭 / 本命型,230,82,35.7,23000,15260,66.3,-7740
2,勝率差帯 × 頭数帯,差10%〜 / 〜10頭,230,82,35.7,23000,15260,66.3,-7740
3,人気帯 × 勝率差帯 × 距離帯,1番人気 / 差10%〜 / 短距離,272,98,36.0,27200,18020,66.2,-9180
3,人気帯 × オッズ帯 × パターン,1番人気 / 3〜10倍 / 本命型,60,12,20.0,6000,3960,66.0,-2040
3,人気帯 × 芝ダ × オッズ帯,4〜6番人気 / ダート / 10〜30倍,53,3,5.7,5300,3500,66.0,-1800
3,勝率差帯 × 頭数帯 × オッズ帯,差3〜5% / 15頭〜 / 〜3倍,111,33,29.7,11100,7330,66.0,-3770
3,人気帯 × 勝率差帯 × 芝ダ,1番人気 / 差10%〜 / 芝,416,151,36.3,41600,27270,65.6,-14330
3,人気帯 × 芝ダ × パターン,1番人気 / 芝 / 本命型,416,151,36.3,41600,27270,65.6,-14330
3,勝率差帯 × 頭数帯 × 距離帯,差<3% / 11〜14頭 / マイル,62,13,21.0,6200,4070,65.6,-2130
3,頭数帯 × 距離帯 × パターン,15頭〜 / 短距離 / 本命型,211,68,32.2,21100,13810,65.5,-7290
2,芝ダ × 距離帯,ダート / マイル,160,38,23.8,16000,10460,65.4,-5540
3,芝ダ × 距離帯 × パターン,ダート / マイル / 混戦型,65,13,20.0,6500,4240,65.2,-2260
3,勝率差帯 × 頭数帯 × 距離帯,差10%〜 / 15頭〜 / 短距離,212,68,32.1,21200,13810,65.1,-7390
3,人気帯 × 勝率差帯 × オッズ帯,1番人気 / 差10%〜 / 3〜10倍,61,12,19.7,6100,3960,64.9,-2140
3,勝率差帯 × 頭数帯 × 距離帯,差3〜5% / 11〜14頭 / 中距離,81,15,18.5,8100,5240,64.7,-2860
2,人気帯 × オッズ帯,4〜6番人気 / 10〜30倍,106,6,5.7,10600,6840,64.5,-3760
3,勝率差帯 × 頭数帯 × 芝ダ,差10%〜 / 15頭〜 / 芝,177,51,28.8,17700,11400,64.4,-6300
3,頭数帯 × 芝ダ × パターン,15頭〜 / 芝 / 本命型,177,51,28.8,17700,11400,64.4,-6300
3,芝ダ × 距離帯 × パターン,ダート / マイル / 本命型,57,19,33.3,5700,3660,64.2,-2040
3,勝率差帯 × 芝ダ × 距離帯,差10%〜 / ダート / マイル,57,19,33.3,5700,3660,64.2,-2040
2,人気帯 × 芝ダ,4〜6番人気 / ダート,178,14,7.9,17800,11400,64.0,-6400
3,人気帯 × 頭数帯 × 距離帯,1番人気 / 15頭〜 / マイル,158,49,31.0,15800,10010,63.4,-5790
3,人気帯 × 勝率差帯 × オッズ帯,4〜6番人気 / 差<3% / 10〜30倍,70,4,5.7,7000,4440,63.4,-2560
3,芝ダ × 距離帯 × パターン,ダート / 短距離 / 本命型,226,76,33.6,22600,14300,63.3,-8300
3,人気帯 × 頭数帯 × 距離帯,2〜3番人気 / 15頭〜 / 短距離,285,42,14.7,28500,17990,63.1,-10510
3,人気帯 × 勝率差帯 × 距離帯,1番人気 / 差10%〜 / マイル,125,46,36.8,12500,7870,63.0,-4630
3,人気帯 × 芝ダ × オッズ帯,4〜6番人気 / 芝 / 10〜30倍,53,3,5.7,5300,3340,63.0,-1960
3,人気帯 × 距離帯 × パターン,1番人気 / マイル / 本命型,125,46,36.8,12500,7870,63.0,-4630
3,勝率差帯 × 芝ダ × 距離帯,差10%〜 / ダート / 短距離,228,76,33.3,22800,14300,62.7,-8500
3,芝ダ × オッズ帯 × パターン,ダート / 3〜10倍 / 本命型,111,19,17.1,11100,6950,62.6,-4150
3,人気帯 × 芝ダ × 距離帯,1番人気 / ダート / マイル,80,28,35.0,8000,5000,62.5,-3000
3,勝率差帯 × 距離帯 × パターン,差10%〜 / 短距離 / 本命型,335,105,31.3,33500,20920,62.4,-12580
2,距離帯 × パターン,短距離 / 本命型,335,105,31.3,33500,20920,62.4,-12580
3,人気帯 × 勝率差帯 × 頭数帯,2〜3番人気 / 差3〜5% / 11〜14頭,78,12,15.4,7800,4870,62.4,-2930
3,頭数帯 × オッズ帯 × パターン,15頭〜 / 3〜10倍 / 本命型,106,17,16.0,10600,6600,62.3,-4000
3,人気帯 × 芝ダ × 距離帯,4〜6番人気 / ダート / 短距離,90,7,7.8,9000,5600,62.2,-3400
2,勝率差帯 × 距離帯,差10%〜 / 短距離,337,105,31.2,33700,20920,62.1,-12780
3,勝率差帯 × 頭数帯 × オッズ帯,差10%〜 / 15頭〜 / 3〜10倍,107,17,15.9,10700,6600,61.7,-4100
3,頭数帯 × オッズ帯 × 距離帯,〜10頭 / 〜3倍 / マイル,60,20,33.3,6000,3700,61.7,-2300
3,頭数帯 × 芝ダ × 距離帯,11〜14頭 / ダート / マイル,57,13,22.8,5700,3510,61.6,-2190
3,芝ダ × 距離帯 × パターン,芝 / 長距離 / 波乱型,51,12,23.5,5100,3140,61.6,-1960
2,距離帯 × パターン,長距離 / 波乱型,55,13,23.6,5500,3380,61.5,-2120
3,人気帯 × 頭数帯 × パターン,2〜3番人気 / 15頭〜 / 本命型,66,11,16.7,6600,4060,61.5,-2540
3,人気帯 × 勝率差帯 × 頭数帯,2〜3番人気 / 差10%〜 / 15頭〜,66,11,16.7,6600,4060,61.5,-2540
3,勝率差帯 × 芝ダ × オッズ帯,差10%〜 / ダート / 3〜10倍,113,19,16.8,11300,6950,61.5,-4350
3,人気帯 × 頭数帯 × 距離帯,1番人気 / 〜10頭 / マイル,57,19,33.3,5700,3490,61.2,-2210
3,勝率差帯 × 芝ダ × 距離帯,差10%〜 / 芝 / 短距離,109,29,26.6,10900,6620,60.7,-4280
3,芝ダ × 距離帯 × パターン,芝 / 短距離 / 本命型,109,29,26.6,10900,6620,60.7,-4280
3,頭数帯 × オッズ帯 × パターン,〜10頭 / 〜3倍 / 本命型,197,74,37.6,19700,11900,60.4,-7800
3,勝率差帯 × 頭数帯 × オッズ帯,差10%〜 / 〜10頭 / 〜3倍,197,74,37.6,19700,11900,60.4,-7800
3,人気帯 × 勝率差帯 × オッズ帯,2〜3番人気 / 差10%〜 / 〜3倍,37,9,24.3,3700,2230,60.3,-1470
3,人気帯 × オッズ帯 × パターン,2〜3番人気 / 〜3倍 / 本命型,37,9,24.3,3700,2230,60.3,-1470
3,頭数帯 × 距離帯 × パターン,〜10頭 / 長距離 / 混戦型,51,11,21.6,5100,3070,60.2,-2030
3,人気帯 × 芝ダ × 距離帯,4〜6番人気 / ダート / 中距離,71,5,7.0,7100,4270,60.1,-2830
3,勝率差帯 × 頭数帯 × パターン,差3〜5% / 11〜14頭 / 混戦型,116,22,19.0,11600,6950,59.9,-4650
3,人気帯 × 頭数帯 × パターン,1番人気 / 〜10頭 / 本命型,179,69,38.5,17900,10690,59.7,-7210
3,人気帯 × 勝率差帯 × 頭数帯,1番人気 / 差10%〜 / 〜10頭,179,69,38.5,17900,10690,59.7,-7210
3,頭数帯 × 距離帯 × パターン,11〜14頭 / 短距離 / 本命型,90,28,31.1,9000,5370,59.7,-3630
3,勝率差帯 × 頭数帯 × 距離帯,差<3% / 11〜14頭 / 長距離,51,11,21.6,5100,3030,59.4,-2070
3,勝率差帯 × 距離帯 × パターン,差<3% / 長距離 / 混戦型,56,11,19.6,5600,3320,59.3,-2280
3,人気帯 × 勝率差帯 × 距離帯,1番人気 / 差3〜5% / マイル,39,10,25.6,3900,2310,59.2,-1590
2,人気帯 × パターン,4〜6番人気 / 混戦型,209,17,8.1,20900,12380,59.2,-8520
2,勝率差帯 × 距離帯,差<3% / 長距離,98,20,20.4,9800,5800,59.2,-4000
3,勝率差帯 × 頭数帯 × 距離帯,差10%〜 / 11〜14頭 / 短距離,91,28,30.8,9100,5370,59.0,-3730
3,勝率差帯 × 距離帯 × パターン,差<3% / 長距離 / 波乱型,42,9,21.4,4200,2480,59.0,-1720
3,勝率差帯 × 頭数帯 × 芝ダ,差3〜5% / 11〜14頭 / ダート,105,18,17.1,10500,6130,58.4,-4370
3,頭数帯 × 距離帯 × パターン,11〜14頭 / マイル / 波乱型,51,10,19.6,5100,2960,58.0,-2140
3,人気帯 × オッズ帯 × パターン,4〜6番人気 / 3〜10倍 / 混戦型,192,16,8.3,19200,11120,57.9,-8080
3,人気帯 × 頭数帯 × オッズ帯,4〜6番人気 / 15頭〜 / 10〜30倍,56,3,5.4,5600,3230,57.7,-2370
3,人気帯 × 芝ダ × パターン,2〜3番人気 / ダート / 本命型,82,13,15.9,8200,4710,57.4,-3490
3,人気帯 × 勝率差帯 × 芝ダ,2〜3番人気 / 差10%〜 / ダート,83,13,15.7,8300,4710,56.7,-3590
3,人気帯 × 勝率差帯 × パターン,4〜6番人気 / 差<3% / 混戦型,116,9,7.8,11600,6340,54.7,-5260
3,勝率差帯 × 芝ダ × 距離帯,差5〜10% / ダート / マイル,32,7,21.9,3200,1740,54.4,-1460
3,人気帯 × 勝率差帯 × 距離帯,2〜3番人気 / 差3〜5% / 短距離,83,12,14.5,8300,4500,54.2,-3800
3,オッズ帯 × 距離帯 × パターン,3〜10倍 / 短距離 / 本命型,65,9,13.8,6500,3520,54.2,-2980
3,勝率差帯 × オッズ帯 × 距離帯,差10%〜 / 3〜10倍 / 短距離,67,9,13.4,6700,3520,52.5,-3180
3,勝率差帯 × オッズ帯 × 距離帯,差<3% / 3〜10倍 / 長距離,63,9,14.3,6300,3300,52.4,-3000
3,人気帯 × 勝率差帯 × パターン,4〜6番人気 / 差3〜5% / 混戦型,31,2,6.5,3100,1610,51.9,-1490
2,人気帯 × 芝ダ,7番人気〜 / ダート,66,2,3.0,6600,3420,51.8,-3180
3,人気帯 × 勝率差帯 × 距離帯,2〜3番人気 / 差<3% / 長距離,43,6,14.0,4300,2220,51.6,-2080
3,勝率差帯 × 頭数帯 × 芝ダ,差10%〜 / 〜10頭 / ダート,64,20,31.2,6400,3290,51.4,-3110
3,頭数帯 × 芝ダ × パターン,〜10頭 / ダート / 本命型,64,20,31.2,6400,3290,51.4,-3110
3,頭数帯 × 距離帯 × パターン,〜10頭 / 短距離 / 本命型,34,9,26.5,3400,1740,51.2,-1660
3,勝率差帯 × 頭数帯 × 距離帯,差10%〜 / 〜10頭 / 短距離,34,9,26.5,3400,1740,51.2,-1660
3,勝率差帯 × 芝ダ × 距離帯,差<3% / 芝 / 長距離,88,16,18.2,8800,4430,50.3,-4370
3,人気帯 × オッズ帯 × 距離帯,1番人気 / 3〜10倍 / マイル,52,8,15.4,5200,2610,50.2,-2590
1,人気帯,7番人気〜,94,3,3.2,9400,4720,50.2,-4680
3,人気帯 × 距離帯 × パターン,4〜6番人気 / 中距離 / 混戦型,80,6,7.5,8000,4000,50.0,-4000
3,人気帯 × 勝率差帯 × パターン,7番人気〜 / 差<3% / 波乱型,57,2,3.5,5700,2840,49.8,-2860
2,人気帯 × 勝率差帯,7番人気〜 / 差<3%,57,2,3.5,5700,2840,49.8,-2860
3,人気帯 × 勝率差帯 × 頭数帯,7番人気〜 / 差<3% / 15頭〜,31,1,3.2,3100,1540,49.7,-1560
3,人気帯 × 距離帯 × パターン,2〜3番人気 / 短距離 / 本命型,44,6,13.6,4400,2170,49.3,-2230
3,人気帯 × 頭数帯 × 芝ダ,4〜6番人気 / 11〜14頭 / ダート,67,4,6.0,6700,3240,48.4,-3460
3,人気帯 × 勝率差帯 × 距離帯,2〜3番人気 / 差10%〜 / 短距離,45,6,13.3,4500,2170,48.2,-2330
3,人気帯 × 芝ダ × 距離帯,7番人気〜 / ダート / 短距離,39,1,2.6,3900,1880,48.2,-2020
3,頭数帯 × 芝ダ × 距離帯,〜10頭 / ダート / 短距離,52,11,21.2,5200,2430,46.7,-2770
3,人気帯 × 勝率差帯 × 芝ダ,7番人気〜 / 差<3% / ダート,34,1,2.9,3400,1540,45.3,-1860
3,人気帯 × 頭数帯 × パターン,7番人気〜 / 15頭〜 / 波乱型,34,1,2.9,3400,1540,45.3,-1860
2,人気帯 × 頭数帯,4〜6番人気 / 11〜14頭,125,7,5.6,12500,5650,45.2,-6850
2,オッズ帯 × 距離帯,10〜30倍 / 短距離,67,2,3.0,6700,3020,45.1,-3680
3,頭数帯 × 芝ダ × オッズ帯,15頭〜 / 芝 / 10〜30倍,47,2,4.3,4700,2070,44.0,-2630
3,人気帯 × 頭数帯 × パターン,7番人気〜 / 11〜14頭 / 波乱型,30,1,3.3,3000,1300,43.3,-1700
3,人気帯 × 芝ダ × パターン,4〜6番人気 / ダート / 混戦型,97,6,6.2,9700,4090,42.2,-5610
2,人気帯 × パターン,7番人気〜 / 波乱型,68,2,2.9,6800,2840,41.8,-3960
3,人気帯 × 頭数帯 × 芝ダ,4〜6番人気 / 11〜14頭 / 芝,58,3,5.2,5800,2410,41.6,-3390
3,人気帯 × 勝率差帯 × 芝ダ,4〜6番人気 / 差5〜10% / ダート,34,2,5.9,3400,1400,41.2,-2000
3,人気帯 × 距離帯 × パターン,4〜6番人気 / 短距離 / 混戦型,90,5,5.6,9000,3670,40.8,-5330
3,人気帯 × 頭数帯 × パターン,4〜6番人気 / 11〜14頭 / 混戦型,77,4,5.2,7700,3000,39.0,-4700
3,頭数帯 × 距離帯 × パターン,11〜14頭 / 短距離 / 波乱型,76,13,17.1,7600,2890,38.0,-4710
2,人気帯 × 距離帯,7番人気〜 / 短距離,50,1,2.0,5000,1880,37.6,-3120
3,勝率差帯 × 頭数帯 × 距離帯,差3〜5% / 11〜14頭 / 短距離,63,9,14.3,6300,2340,37.1,-3960
3,人気帯 × 頭数帯 × オッズ帯,4〜6番人気 / 11〜14頭 / 3〜10倍,84,5,6.0,8400,3110,37.0,-5290
3,人気帯 × 芝ダ × パターン,7番人気〜 / ダート / 波乱型,42,1,2.4,4200,1540,36.7,-2660
3,人気帯 × 勝率差帯 × 頭数帯,4〜6番人気 / 差<3% / 11〜14頭,71,3,4.2,7100,2490,35.1,-4610
3,頭数帯 × 芝ダ × オッズ帯,11〜14頭 / ダート / 10〜30倍,39,1,2.6,3900,1280,32.8,-2620
2,人気帯 × 頭数帯,7番人気〜 / 11〜14頭,49,1,2.0,4900,1300,26.5,-3600
3,人気帯 × オッズ帯 × 距離帯,4〜6番人気 / 10〜30倍 / 短距離,44,1,2.3,4400,1140,25.9,-3260
3,オッズ帯 × 距離帯 × パターン,10〜30倍 / 短距離 / 波乱型,49,1,2.0,4900,1140,23.3,-3760
3,人気帯 × 勝率差帯 × 距離帯,4〜6番人気 / 差5〜10% / 短距離,30,1,3.3,3000,540,18.0,-2460
3,人気帯 × 距離帯 × パターン,7番人気〜 / 短距離 / 波乱型,36,0,0.0,3600,0,0.0,-3600
3,人気帯 × オッズ帯 × パターン,7番人気〜 / 30倍〜 / 波乱型,30,0,0.0,3000,0,0.0,-3000
1,オッズ帯,30倍〜,55,0,0.0,5500,0,0.0,-5500
3,勝率差帯 × オッズ帯 × 距離帯,差<3% / 10〜30倍 / 短距離,43,0,0.0,4300,0,0.0,-4300
3,人気帯 × 芝ダ × オッズ帯,7番人気〜 / ダート / 30倍〜,39,0,0.0,3900,0,0.0,-3900
3,人気帯 × 頭数帯 × 距離帯,4〜6番人気 / 11〜14頭 / 短距離,45,0,0.0,4500,0,0.0,-4500
3,人気帯 × 頭数帯 × オッズ帯,7番人気〜 / 11〜14頭 / 30倍〜,31,0,0.0,3100,0,0.0,-3100
3,頭数帯 × 芝ダ × オッズ帯,11〜14頭 / ダート / 30倍〜,35,0,0.0,3500,0,0.0,-3500
3,人気帯 × 頭数帯 × 芝ダ,7番人気〜 / 11〜14頭 / ダート,42,0,0.0,4200,0,0.0,-4200
2,オッズ帯 × パターン,30倍〜 / 波乱型,35,0,0.0,3500,0,0.0,-3500
2,オッズ帯 × 距離帯,30倍〜 / 短距離,30,0,0.0,3000,0,0.0,-3000
2,芝ダ × オッズ帯,ダート / 30倍〜,47,0,0.0,4700,0,0.0,-4700
2,頭数帯 × オッズ帯,11〜14頭 / 30倍〜,36,0,0.0,3600,0,0.0,-3600
2,人気帯 × オッズ帯,7番人気〜 / 30倍〜,47,0,0.0,4700,0,0.0,-4700
3,人気帯 × 勝率差帯 × 距離帯,7番人気〜 / 差<3% / 短距離,31,0,0.0,3100,0,0.0,-3100
